date,cases,deaths,cases_smoothed,deaths_smoothed,population,cases_per_100000,deaths_per_100000,vaccinated,fraction_vaccinated
2020-01-05,0,0,0.0,0.0,60359546,0.0,0.0,0,0.0
2020-01-06,0,0,0.0,0.0,60359546,0.0,0.0,0,0.0
2020-01-07,0,0,0.0,0.0,60359546,0.0,0.0,0,0.0
2020-01-08,0,0,0.0,0.0,60359546,0.0,0.0,0,0.0
2020-01-09,0,0,0.0,0.0,60359546,0.0,0.0,0,0.0
2020-01-10,0,0,0.0,0.0,60359546,0.0,0.0,0,0.0
2020-01-11,0,0,0.0,0.0,60359546,0.0,0.0,0,0.0
2020-01-12,0,0,0.0,0.0,60359546,0.0,0.0,0,0.0
2020-01-13,0,0,0.0,0.0,60359546,0.0,0.0,0,0.0
2020-01-14,0,0,0.0,0.0,60359546,0.0,0.0,0,0.0
2020-01-15,0,0,0.0,0.0,60359546,0.0,0.0,0,0.0
2020-01-16,0,0,0.0,0.0,60359546,0.0,0.0,0,0.0
2020-01-17,0,0,0.0,0.0,60359546,0.0,0.0,0,0.0
2020-01-18,0,0,0.0,0.0,60359546,0.0,0.0,0,0.0
2020-01-19,0,0,0.0,0.0,60359546,0.0,0.0,0,0.0
2020-01-20,0,0,0.0,0.0,60359546,0.0,0.0,0,0.0
2020-01-21,0,0,0.0,0.0,60359546,0.0,0.0,0,0.0
2020-01-22,0,0,0.0,0.0,60359546,0.0,0.0,0,0.0
2020-01-23,0,0,0.0,0.0,60359546,0.0,0.0,0,0.0
2020-01-24,0,0,0.0,0.0,60359546,0.0,0.0,0,0.0
2020-01-25,0,0,0.2857142857142857,0.0,60359546,0.00047335393429613555,0.0,0,0.0
2020-01-26,0,0,0.2857142857142857,0.0,60359546,0.00047335393429613555,0.0,0,0.0
2020-01-27,0,0,0.42857142857142855,0.0,60359546,0.0007100309014442032,0.0,0,0.0
2020-01-28,2,0,0.42857142857142855,0.0,60359546,0.0007100309014442032,0.0,0,0.0
2020-01-29,0,0,0.42857142857142855,0.0,60359546,0.0007100309014442032,0.0,0,0.0
2020-01-30,1,0,0.42857142857142855,0.0,60359546,0.0007100309014442032,0.0,0,0.0
2020-01-31,0,0,0.42857142857142855,0.0,60359546,0.0007100309014442032,0.0,0,0.0
2020-02-01,0,0,0.14285714285714285,0.0,60359546,0.00023667696714806778,0.0,0,0.0
2020-02-02,0,0,0.14285714285714285,0.0,60359546,0.00023667696714806778,0.0,0,0.0
2020-02-03,0,0,0.0,0.0,60359546,0.0,0.0,0,0.0
2020-02-04,0,0,0.0,0.0,60359546,0.0,0.0,0,0.0
2020-02-05,0,0,0.0,0.0,60359546,0.0,0.0,0,0.0
2020-02-06,0,0,0.0,0.0,60359546,0.0,0.0,0,0.0
2020-02-07,0,0,0.0,0.0,60359546,0.0,0.0,0,0.0
2020-02-08,0,0,0.0,0.0,60359546,0.0,0.0,0,0.0
2020-02-09,0,0,0.0,0.0,60359546,0.0,0.0,0,0.0
2020-02-10,0,0,0.0,0.0,60359546,0.0,0.0,0,0.0
2020-02-11,0,0,0.0,0.0,60359546,0.0,0.0,0,0.0
2020-02-12,0,0,0.0,0.0,60359546,0.0,0.0,0,0.0
2020-02-13,0,0,0.0,0.0,60359546,0.0,0.0,0,0.0
2020-02-14,0,0,0.0,0.0,60359546,0.0,0.0,0,0.0
2020-02-15,0,0,0.0,0.0,60359546,0.0,0.0,0,0.0
2020-02-16,0,0,0.0,0.0,60359546,0.0,0.0,0,0.0
2020-02-17,0,0,0.0,0.0,60359546,0.0,0.0,0,0.0
2020-02-18,0,0,2.0,0.0,60359546,0.003313477540072949,0.0,0,0.0
2020-02-19,0,0,10.857142857142858,0.2857142857142857,60359546,0.017987449503253154,0.00047335393429613555,0,0.0
2020-02-20,0,0,18.428571428571427,0.2857142857142857,60359546,0.030531328762100744,0.00047335393429613555,0,0.0
2020-02-21,14,0,50.0,0.8571428571428571,60359546,0.08283693850182372,0.0014200618028884064,0,0.0
2020-02-22,62,2,63.285714285714285,1.2857142857142858,60359546,0.10484789644659402,0.00213009270433261,0,0.0
2020-02-23,53,0,74.42857142857143,1.5714285714285714,60359546,0.12330869988414332,0.0026034466386287455,0,0.0
2020-02-24,221,4,110.14285714285714,2.2857142857142856,60359546,0.18247794167116024,0.0037868314743690844,0,0.0
2020-02-25,93,3,142.14285714285714,2.857142857142857,60359546,0.23549358231232745,0.004733539342961356,0,0.0
2020-02-26,78,2,167.57142857142858,3.7142857142857144,60359546,0.27762208246468356,0.006153601145849763,0,0.0
2020-02-27,250,5,240.85714285714286,4.428571428571429,60359546,0.3990373666116423,0.007336985981590101,0,0.0
2020-02-28,238,4,258.14285714285717,6.428571428571429,60359546,0.4276752796365585,0.01065046352166305,0,0.0
2020-02-29,240,8,311.42857142857144,9.857142857142858,60359546,0.5159557883827878,0.016330710733216677,0,0.0
2020-03-01,566,5,384.14285714285717,13.571428571428571,60359546,0.6364243646611543,0.022484311879066438,0,0.0
2020-03-02,342,18,458.2857142857143,18.714285714285715,60359546,0.7592597106110014,0.03100468269639688,0,0.0
2020-03-03,466,27,535.4285714285714,25.142857142857142,60359546,0.887065272870958,0.04165514621805993,0,0.0
2020-03-04,587,28,679.2857142857143,29.142857142857142,60359546,1.1253989787890624,0.04828210129820582,0,0.0
2020-03-05,769,41,811.5714285714286,47.42857142857143,60359546,1.3445618503681729,0.07857675309315851,0,0.0
2020-03-06,778,49,1019.4285714285714,58.714285714285715,60359546,1.6889268375686115,0.09727423349785586,0,0.0
2020-03-07,1247,36,1092.4285714285713,78.85714285714286,60359546,1.809868767781274,0.1306456858657334,0,0.0
2020-03-08,1492,133,1339.0,102.85714285714286,60359546,2.218373213078839,0.1704074163466088,0,0.0
2020-03-09,1797,97,1607.857142857143,124.0,60359546,2.663799265251503,0.20543560748452283,0,0.0
2020-03-10,977,168,1860.5714285714287,152.71428571428572,60359546,3.0824808201364347,0.2530076778812845,0,0.0
2020-03-11,2313,196,2182.0,172.57142857142858,60359546,3.615003996219587,0.2859057763148659,0,0.0
2020-03-12,2651,189,2481.714285714286,206.14285714285714,60359546,4.111552273296233,0.34152486359466183,0,0.0
2020-03-13,2547,250,2686.8571428571427,242.14285714285714,60359546,4.451420398120859,0.40116745931597486,0,0.0
2020-03-14,3497,175,3051.0,267.42857142857144,60359546,5.054709987381283,0.44305928250118287,0,0.0
2020-03-15,3590,368,3321.5714285714284,307.2857142857143,60359546,5.502976163159724,0.5090921563354938,0,0.0
2020-03-16,3233,349,3703.1428571428573,341.2857142857143,60359546,6.135140342412213,0.5654212745167339,0,0.0
2020-03-17,3526,345,4194.428571428572,395.14285714285717,60359546,6.949072432434418,0.6546484911315555,0,0.0
2020-03-18,4207,475,4631.571428571428,483.42857142857144,60359546,7.673303951907505,0.8009148568290614,0,0.0
2020-03-19,5322,427,4913.0,523.8571428571429,60359546,8.139557577189198,0.8678944385319646,0,0.0
2020-03-20,5986,627,5135.285714285715,559.8571428571429,60359546,8.507826938071593,0.9275370342532777,0,0.0
2020-03-21,6557,793,5381.428571428572,616.7142857142857,60359546,8.915621352467713,1.0217344671782085,0,0.0
2020-03-22,5560,651,5524.714285714285,646.4285714285714,60359546,9.153008350517224,1.0709632763450068,0,0.0
2020-03-23,4789,601,5643.428571428572,680.0,60359546,9.349686910217269,1.1265823636248027,0,0.0
2020-03-24,5249,743,5639.571428571428,728.8571428571429,60359546,9.343296632104272,1.2075258863894418,0,0.0
2020-03-25,5210,683,5556.285714285715,742.5714285714286,60359546,9.205313960256948,1.2302468752356563,0,0.0
2020-03-26,6153,662,5507.285714285715,757.5714285714286,60359546,9.124133760525162,1.2550979567862035,0,0.0
2020-03-27,5959,969,5401.714285714285,787.7142857142857,60359546,8.949229481802737,1.3050367968544456,0,0.0
2020-03-28,5974,889,5230.857142857143,801.1428571428571,60359546,8.66616382909365,1.327284431766364,0,0.0
2020-03-29,5217,756,5169.714285714285,807.4285714285714,60359546,8.564866087154275,1.3376982183208792,0,0.0
2020-03-30,4050,812,4957.571428571428,821.4285714285714,60359546,8.213400790939396,1.3608925611013898,0,0.0
2020-03-31,4053,837,4761.285714285715,792.4285714285714,60359546,7.888206638077952,1.312847136770332,0,0.0
2020-04-01,4782,727,4594.285714285715,762.7142857142857,60359546,7.61153126348186,1.2636183276035338,0,0.0
2020-04-02,4668,760,4465.571428571428,729.7142857142857,60359546,7.398285316081451,1.2089459481923301,0,0.0
2020-04-03,4585,766,4401.142857142857,704.5714285714286,60359546,7.291544003897672,1.1672908019742703,0,0.0
2020-04-04,4805,681,4256.285714285715,671.2857142857143,60359546,7.051553559209531,1.1121450686287706,0,0.0
2020-04-05,4316,525,4121.142857142857,644.8571428571429,60359546,6.827657148287458,1.068359829706378,0,0.0
2020-04-06,3599,636,4054.8571428571427,623.4285714285714,60359546,6.717839035530755,1.0328582846341676,0,0.0
2020-04-07,3039,604,3964.285714285714,595.4285714285714,60359546,6.567785838358881,0.9864695990731466,0,0.0
2020-04-08,3836,542,3948.4285714285716,586.5714285714286,60359546,6.5415146950054455,0.9717956271099663,0,0.0
2020-04-09,4204,610,3916.4285714285716,573.1428571428571,60359546,6.488499054364278,0.9495479921980479,0,0.0
2020-04-10,3951,570,3852.714285714286,563.1428571428571,60359546,6.382941127016241,0.932980604497683,0,0.0
2020-04-11,4694,619,3843.1428571428573,562.8571428571429,60359546,6.367083770217319,0.9325072505633871,0,0.0
2020-04-12,4092,431,3676.1428571428573,568.0,60359546,6.090408395621228,0.9410276213807175,0,0.0
2020-04-13,3153,566,3616.4285714285716,555.8571428571429,60359546,5.991477423353336,0.9209100791731317,0,0.0
2020-04-14,2972,602,3551.0,556.5714285714286,60359546,5.8830793723995205,0.922093464008872,0,0.0
2020-04-15,2667,578,3379.1428571428573,537.0,60359546,5.5983569809203955,0.8896687195095867,0,0.0
2020-04-16,3786,525,3229.8571428571427,537.2857142857143,60359546,5.351029550250664,0.890142073443883,0,0.0
2020-04-17,3493,575,3101.714285714286,521.2857142857143,60359546,5.138730310718848,0.8636342531232993,0,0.0
2020-04-18,3491,482,3067.0,511.57142857142856,60359546,5.081217807701868,0.8475402193572307,0,0.0
2020-04-19,3047,433,3167.4285714285716,491.42857142857144,60359546,5.247601715606959,0.8141687669893531,0,0.0
2020-04-20,2256,454,3004.5714285714284,482.7142857142857,60359546,4.977789973058161,0.799731471993321,0,0.0
2020-04-21,2729,534,2937.1428571428573,460.57142857142856,60359546,4.866078444564274,0.7630465420853706,0,0.0
2020-04-22,3370,437,2775.1428571428573,451.0,60359546,4.597686763818365,0.74718918528645,0,0.0
2020-04-23,2646,464,2671.8571428571427,426.2857142857143,60359546,4.426569316570311,0.7062440699698342,0,0.0
2020-04-24,3021,420,2598.0,409.0,60359546,4.304207324554761,0.6776061569449181,0,0.0
2020-04-25,2357,415,2506.8571428571427,387.2857142857143,60359546,4.153207419514293,0.6416312579384117,0,0.0
2020-04-26,2324,260,2323.4285714285716,371.0,60359546,3.8493141936961743,0.614650083683532,0,0.0
2020-04-27,1739,333,2212.8571428571427,345.42857142857144,60359546,3.6661262211235695,0.5722849065640279,0,0.0
2020-04-28,2091,382,2062.0,323.85714285714283,60359546,3.4161953438152106,0.5365466845246696,0,0.0
2020-04-29,2086,323,1996.7142857142858,332.2857142857143,60359546,3.3080339698285433,0.5505106255864056,0,0.0
2020-04-30,1872,285,1863.142857142857,320.0,60359546,3.0867410055451,0.5301564064116718,0,0.0
2020-05-01,1965,269,1789.142857142857,300.2857142857143,60359546,2.964142336562401,0.49749498494523847,0,0.0
2020-05-02,1900,474,1644.0,279.42857142857144,60359546,2.7236785379399637,0.4629401477416206,0,0.0
2020-05-03,1389,174,1552.2857142857142,286.0,60359546,2.5717319250309045,0.4738272882304317,0,0.0
2020-05-04,1221,195,1485.0,284.42857142857144,60359546,2.4602570735041644,0.471223841591803,0,0.0
2020-05-05,1075,236,1393.857142857143,280.7142857142857,60359546,2.3092571684636973,0.46507024044595313,0,0.0
2020-05-06,1444,369,1277.142857142857,240.71428571428572,60359546,2.115892086303726,0.3988006896444942,0,0.0
2020-05-07,1401,274,1193.2857142857142,239.42857142857142,60359546,1.9769627065878101,0.3966705969401616,0,0.0
2020-05-08,1327,243,1125.142857142857,237.14285714285714,60359546,1.8640677932581817,0.3928837654657925,0,0.0
2020-05-09,1083,194,1171.857142857143,228.0,60359546,1.9414611615155999,0.3777364395683162,0,0.0
2020-05-10,802,165,1092.4285714285713,203.14285714285714,60359546,1.809868767781274,0.33655464728455237,0,0.0
2020-05-11,744,179,1034.0,201.42857142857142,60359546,1.7130678882177146,0.3337145236787755,0,0.0
2020-05-12,1402,172,957.1428571428571,201.28571428571428,60359546,1.585735679892054,0.3334778467116275,0,0.0
2020-05-13,888,195,927.4285714285714,195.42857142857142,60359546,1.536506870725256,0.3237740910585567,0,0.0
2020-05-14,992,262,909.2857142857143,192.57142857142858,60359546,1.5064488958974513,0.3190405517155954,0,0.0
2020-05-15,789,242,867.4285714285714,181.14285714285714,60359546,1.4371025445230674,0.3001063943437499,0,0.0
2020-05-16,875,153,783.2857142857143,179.71428571428572,60359546,1.2976998108728557,0.2977396246722693,0,0.0
2020-05-17,675,145,751.4285714285714,174.85714285714286,60359546,1.2449208471988367,0.289692607789235,0,0.0
2020-05-18,451,99,701.4285714285714,159.71428571428572,60359546,1.1620839086970127,0.2646048492715398,0,0.0
2020-05-19,813,162,681.8571428571429,143.71428571428572,60359546,1.1296591641977276,0.23809702895095622,0,0.0
2020-05-20,665,161,652.4285714285714,138.85714285714286,60359546,1.0809037089652256,0.23005001206792192,0,0.0
2020-05-21,642,156,631.8571428571429,125.28571428571429,60359546,1.0468222256959039,0.20756570018885545,0,0.0
2020-05-22,652,130,610.2857142857143,124.28571428571429,60359546,1.0110840036565456,0.20590896141881898,0,0.0
2020-05-23,669,119,550.8571428571429,112.28571428571429,60359546,0.9126263853229495,0.18602809617838129,0,0.0
2020-05-24,531,50,539.2857142857143,106.0,60359546,0.8934555509839559,0.1756143096238663,0,0.0
2020-05-25,300,92,532.2857142857143,93.71428571428571,60359546,0.8818583795937007,0.15526009044913244,0,0.0
2020-05-26,397,78,512.8571428571429,87.57142857142857,60359546,0.8496703120615634,0.14508298086176555,0,0.0
2020-05-27,584,117,476.7142857142857,86.42857142857143,60359546,0.7897910393731022,0.143189565124581,0,0.0
2020-05-28,593,70,451.57142857142856,90.0,60359546,0.7481358931550421,0.1491064893032827,0,0.0
2020-05-29,516,87,434.14285714285717,85.42857142857143,60359546,0.719261303162978,0.14153282635454453,0,0.0
2020-05-30,416,111,422.85714285714283,82.14285714285714,60359546,0.7005638227582806,0.13608925611013897,0,0.0
2020-05-31,355,75,385.2857142857143,75.57142857142857,60359546,0.6383177803983388,0.12520211562132785,0,0.0
2020-06-01,178,60,325.85714285714283,78.14285714285714,60359546,0.5398601620647425,0.12946230102999307,0,0.0
2020-06-02,318,55,326.14285714285717,77.85714285714286,60359546,0.5403335159990388,0.12898894709569694,0,0.0
2020-06-03,321,71,305.2857142857143,72.28571428571429,60359546,0.5057786787954208,0.1197585453769223,0,0.0
2020-06-04,177,88,282.7142857142857,69.14285714285714,60359546,0.4683837179860261,0.11455165209966481,0,0.0
2020-06-05,518,85,297.2857142857143,69.85714285714286,60359546,0.492524768635129,0.11573503693540516,0,0.0
2020-06-06,270,72,292.2857142857143,73.28571428571429,60359546,0.4842410747849466,0.12141528414695878,0,0.0
2020-06-07,197,53,275.2857142857143,73.28571428571429,60359546,0.4560765156943266,0.12141528414695878,0,0.0
2020-06-08,280,65,304.14285714285717,68.28571428571429,60359546,0.5038852630582363,0.11313159029677641,0,0.0
2020-06-09,283,79,253.42857142857142,64.14285714285714,60359546,0.4198649397206722,0.10626795824948242,0,0.0
2020-06-10,202,71,264.2857142857143,65.0,60359546,0.4378523892239254,0.10768802005237084,0,0.0
2020-06-11,379,53,284.42857142857144,63.714285714285715,60359546,0.471223841591803,0.10555792734803822,0,0.0
2020-06-12,163,56,287.7142857142857,58.142857142857146,60359546,0.47666741183620853,0.09632752562926358,0,0.0
2020-06-13,346,78,277.2857142857143,51.714285714285715,60359546,0.45938999323439955,0.08567706210760054,0,0.0
2020-06-14,338,44,295.42857142857144,47.714285714285715,60359546,0.4894479680622042,0.07905010702745464,0,0.0
2020-06-15,303,26,288.85714285714283,49.57142857142857,60359546,0.478560827573393,0.08212690760037952,0,0.0
2020-06-16,210,34,301.42857142857144,48.285714285714285,60359546,0.499388400682423,0.0799968148960469,0,0.0
2020-06-17,329,43,289.42857142857144,44.142857142857146,60359546,0.4795075354419853,0.07313318284875295,0,0.0
2020-06-18,333,66,273.14285714285717,41.285714285714285,60359546,0.45252636118710565,0.06839964350579159,0,0.0
2020-06-19,251,47,261.0,40.857142857142854,60359546,0.43240881897951977,0.06768961260434739,0,0.0
2020-06-20,262,49,248.42857142857142,38.57142857142857,60359546,0.4115812458704899,0.0639027811299783,0,0.0
2020-06-21,224,24,228.57142857142858,32.42857142857143,60359546,0.3786831474369085,0.053725671542611396,0,0.0
2020-06-22,218,23,223.28571428571428,27.857142857142858,60359546,0.36992609965242995,0.046152008593873216,0,0.0
2020-06-23,122,18,224.42857142857142,25.428571428571427,60359546,0.37181951538961444,0.04212850015235606,0,0.0
2020-06-24,190,0,212.0,19.571428571428573,60359546,0.3512286192477326,0.03242474449928529,0,0.0
2020-06-25,296,34,204.85714285714286,19.285714285714285,60359546,0.3393947708903292,0.03195139056498915,0,0.0
2020-06-26,259,30,191.71428571428572,16.857142857142858,60359546,0.31762048991270697,0.027927882123471998,0,0.0
2020-06-27,175,8,194.57142857142858,17.571428571428573,60359546,0.32235402925566836,0.029111266959212338,0,0.0
2020-06-28,174,22,194.14285714285714,20.571428571428573,60359546,0.3216439983542241,0.03408148326932176,0,0.0
2020-06-29,126,6,180.57142857142858,20.0,60359546,0.29915968647515767,0.03313477540072949,0,0.0
2020-06-30,142,23,175.42857142857142,17.857142857142858,60359546,0.2906393156578272,0.02958462089350847,0,0.0
2020-07-01,187,21,184.0,19.714285714285715,60359546,0.30483993368671125,0.03266142146643335,0,0.0
2020-07-02,201,30,186.57142857142858,17.571428571428573,60359546,0.30910011909537655,0.029111266959212338,0,0.0
2020-07-03,223,15,198.28571428571428,17.857142857142858,60359546,0.3285076304015181,0.02958462089350847,0,0.0
2020-07-04,235,21,197.71428571428572,18.857142857142858,60359546,0.3275609225329258,0.031241359663544944,0,0.0
2020-07-05,192,7,198.57142857142858,18.0,60359546,0.3289809843358142,0.02982129786065654,0,0.0
2020-07-06,208,8,202.57142857142858,15.428571428571429,60359546,0.3356079394159601,0.02556111245199132,0,0.0
2020-07-07,138,30,210.14285714285714,15.0,60359546,0.34815181867480766,0.02485108155054712,0,0.0
2020-07-08,193,15,203.42857142857142,13.0,60359546,0.33702800121884846,0.02153760401047417,0,0.0
2020-07-09,229,12,209.42857142857142,13.285714285714286,60359546,0.34696843383906734,0.022010957944770305,0,0.0
2020-07-10,276,12,203.85714285714286,14.0,60359546,0.33773803212029274,0.023194342780510642,0,0.0
2020-07-11,188,7,200.42857142857142,12.142857142857142,60359546,0.33205778490873905,0.02011754220758576,0,0.0
2020-07-12,234,9,196.14285714285714,11.857142857142858,60359546,0.324957475894297,0.019644188273289627,0,0.0
2020-07-13,169,13,196.28571428571428,13.0,60359546,0.32519415286144515,0.02153760401047417,0,0.0
2020-07-14,114,17,190.14285714285714,12.857142857142858,60359546,0.3150170432740782,0.0213009270433261,0,0.0
2020-07-15,163,13,198.85714285714286,13.857142857142858,60359546,0.32945433827011034,0.022957665813362574,0,0.0
2020-07-16,230,20,196.71428571428572,13.0,60359546,0.3259041837628893,0.02153760401047417,0,0.0
2020-07-17,233,11,199.71428571428572,13.0,60359546,0.33087440007299873,0.02153760401047417,0,0.0
2020-07-18,249,14,201.85714285714286,12.714285714285714,60359546,0.3344245545802198,0.02106425007617803,0,0.0
2020-07-19,219,3,218.85714285714286,12.142857142857142,60359546,0.36258911367083985,0.02011754220758576,0,0.0
2020-07-20,190,13,229.71428571428572,10.714285714285714,60359546,0.380576563174093,0.017750772536105082,0,0.0
2020-07-21,129,15,232.42857142857142,9.857142857142858,60359546,0.3850734255499062,0.016330710733216677,0,0.0
2020-07-22,282,9,236.14285714285714,8.571428571428571,60359546,0.391227026695756,0.014200618028884067,0,0.0
2020-07-23,306,10,241.28571428571428,8.857142857142858,60359546,0.39974739751308647,0.014673971963180201,0,0.0
2020-07-24,252,5,238.42857142857142,7.714285714285714,60359546,0.3950138581701251,0.01278055622599566,0,0.0
2020-07-25,275,5,250.28571428571428,7.142857142857143,60359546,0.41465804644341475,0.01183384835740339,0,0.0
2020-07-26,255,5,251.28571428571428,6.714285714285714,60359546,0.41631478521345117,0.011123817455959185,0,0.0
2020-07-27,170,5,262.7142857142857,5.714285714285714,60359546,0.43524894258529667,0.009467078685922711,0,0.0
2020-07-28,212,11,280.85714285714283,6.285714285714286,60359546,0.4653069174131012,0.010413786554514982,0,0.0
2020-07-29,289,6,283.7142857142857,6.285714285714286,60359546,0.4700404567560626,0.010413786554514982,0,0.0
2020-07-30,386,3,281.42857142857144,6.714285714285714,60359546,0.46625362528169356,0.011123817455959185,0,0.0
2020-07-31,379,9,279.85714285714283,7.714285714285714,60359546,0.46365017864306474,0.01278055622599566,0,0.0
2020-08-01,295,5,276.7142857142857,6.857142857142857,60359546,0.45844328536580725,0.011360494423107251,0,0.0
2020-08-02,239,8,290.2857142857143,7.428571428571429,60359546,0.4809275972448737,0.012307202291699525,0,0.0
2020-08-03,159,12,292.57142857142856,7.857142857142857,60359546,0.4847144287192428,0.013017233193143726,0,0.0
2020-08-04,190,5,317.2857142857143,7.0,60359546,0.5256595440358585,0.011597171390255321,0,0.0
2020-08-05,384,10,324.7142857142857,8.142857142857142,60359546,0.5379667463275581,0.01349058712743986,0,0.0
2020-08-06,402,6,356.7142857142857,7.285714285714286,60359546,0.5909823869687253,0.012070525324551456,0,0.0
2020-08-07,552,3,371.0,6.142857142857143,60359546,0.614650083683532,0.010177109587366914,0,0.0
2020-08-08,347,13,402.7142857142857,6.285714285714286,60359546,0.667192370390403,0.010413786554514982,0,0.0
2020-08-09,463,2,416.57142857142856,6.285714285714286,60359546,0.6901500362037656,0.010413786554514982,0,0.0
2020-08-10,259,4,433.85714285714283,6.285714285714286,60359546,0.7187879492286818,0.010413786554514982,0,0.0
2020-08-11,412,6,437.0,6.285714285714286,60359546,0.7239948425059394,0.010413786554514982,0,0.0
2020-08-12,481,10,477.2857142857143,27.0,60359546,0.7907377472416944,0.04473194679098481,0,0.0
2020-08-13,523,6,479.57142857142856,27.285714285714285,60359546,0.7945245787160634,0.04520530072528094,0,0.0
2020-08-14,574,3,488.2857142857143,27.285714285714285,60359546,0.8089618737120956,0.04520530072528094,0,0.0
2020-08-15,629,158,487.0,27.142857142857142,60359546,0.806831781007763,0.044968623758132875,0,0.0
2020-08-16,479,4,510.0,26.714285714285715,60359546,0.8449367727186019,0.04425859285668868,0,0.0
2020-08-17,320,4,556.0,26.714285714285715,60359546,0.9211467561402799,0.04425859285668868,0,0.0
2020-08-18,403,5,609.2857142857143,27.571428571428573,60359546,1.009427264886509,0.04567865465957708,0,0.0
2020-08-19,642,7,672.4285714285714,5.428571428571429,60359546,1.1140384843659552,0.008993724751626577,0,0.0
2020-08-20,845,6,776.8571428571429,5.857142857142857,60359546,1.2870493473511926,0.009703755653070778,0,0.0
2020-08-21,947,9,867.2857142857143,5.857142857142857,60359546,1.4368658675559196,0.009703755653070778,0,0.0
2020-08-22,1071,3,935.1428571428571,5.714285714285714,60359546,1.5492874269512515,0.009467078685922711,0,0.0
2020-08-23,1210,7,1038.7142857142858,6.571428571428571,60359546,1.7208782281336008,0.010887140488811118,0,0.0
2020-08-24,953,4,1119.5714285714287,6.428571428571429,60359546,1.8548373915394072,0.01065046352166305,0,0.0
2020-08-25,878,4,1193.142857142857,6.428571428571429,60359546,1.976726029620662,0.01065046352166305,0,0.0
2020-08-26,1367,13,1246.4285714285713,6.142857142857143,60359546,2.065006538366891,0.010177109587366914,0,0.0
2020-08-27,1411,5,1268.5714285714287,5.714285714285714,60359546,2.101691468274842,0.009467078685922711,0,0.0
2020-08-28,1462,9,1274.7142857142858,6.0,60359546,2.1118685778622086,0.009940432620218848,0,0.0
2020-08-29,1444,1,1289.0,6.571428571428571,60359546,2.1355362745770154,0.010887140488811118,0,0.0
2020-08-30,1365,4,1283.142857142857,5.571428571428571,60359546,2.1258325189239446,0.009230401718774643,0,0.0
2020-08-31,996,6,1281.142857142857,6.285714285714286,60359546,2.1225190413838715,0.010413786554514982,0,0.0
2020-09-01,978,8,1319.857142857143,6.571428571428571,60359546,2.1866584994809983,0.010887140488811118,0,0.0
2020-09-02,1326,6,1355.5714285714287,8.571428571428571,60359546,2.245827741268015,0.014200618028884067,0,0.0
2020-09-03,1397,10,1345.857142857143,9.142857142857142,60359546,2.2297337075019468,0.015147325897476338,0,0.0
2020-09-04,1733,11,1361.857142857143,10.0,60359546,2.2562415278225303,0.016567387700364745,0,0.0
2020-09-05,1694,15,1417.857142857143,10.285714285714286,60359546,2.3490188989445726,0.01704074163466088,0,0.0
2020-09-06,1297,8,1433.2857142857142,11.428571428571429,60359546,2.374580011396564,0.018934157371845423,0,0.0
2020-09-07,1108,12,1461.857142857143,11.428571428571429,60359546,2.4219154048261777,0.018934157371845423,0,0.0
2020-09-08,1370,10,1445.142857142857,11.285714285714286,60359546,2.3942241996698534,0.018697480404697354,0,0.0
2020-09-09,1434,14,1417.5714285714287,10.0,60359546,2.348545545010277,0.016567387700364745,0,0.0
2020-09-10,1597,10,1440.5714285714287,9.857142857142858,60359546,2.386650536721116,0.016330710733216677,0,0.0
2020-09-11,1616,10,1426.2857142857142,10.142857142857142,60359546,2.3629828400063086,0.016804064667512813,0,0.0
2020-09-12,1501,6,1406.142857142857,10.0,60359546,2.329611387638431,0.016567387700364745,0,0.0
2020-09-13,1458,7,1408.7142857142858,9.714285714285714,60359546,2.3338715730470962,0.01609403376606861,0,0.0
2020-09-14,1008,14,1407.0,10.142857142857142,60359546,2.3310314494413196,0.016804064667512813,0,0.0
2020-09-15,1229,9,1448.5714285714287,10.142857142857142,60359546,2.3999044468814072,0.016804064667512813,0,0.0
2020-09-16,1452,12,1468.142857142857,12.714285714285714,60359546,2.432329191380693,0.02106425007617803,0,0.0
2020-09-17,1585,13,1486.5714285714287,13.857142857142858,60359546,2.4628605201427933,0.022957665813362574,0,0.0
2020-09-18,1907,10,1535.4285714285713,14.285714285714286,60359546,2.5438040429074324,0.02366769671480678,0,0.0
2020-09-19,1638,24,1558.7142857142858,15.0,60359546,2.582382388552568,0.02485108155054712,0,0.0
2020-09-20,1587,15,1585.5714285714287,16.142857142857142,60359546,2.6268776583764044,0.02674449728773166,0,0.0
2020-09-21,1350,17,1614.2857142857142,17.571428571428573,60359546,2.674449728773166,0.029111266959212338,0,0.0
2020-09-22,1392,14,1615.0,19.0,60359546,2.675633113608906,0.03147803663069301,0,0.0
2020-09-23,1640,20,1648.0,18.0,60359546,2.73030549302011,0.02982129786065654,0,0.0
2020-09-24,1786,23,1673.5714285714287,18.285714285714285,60359546,2.772670670139614,0.030294651794952675,0,0.0
2020-09-25,1912,20,1694.142857142857,18.142857142857142,60359546,2.8067521534089357,0.030057974827804607,0,0.0
2020-09-26,1869,17,1730.7142857142858,19.571428571428573,60359546,2.867341456998841,0.03242474449928529,0,0.0
2020-09-27,1766,17,1760.857142857143,19.428571428571427,60359546,2.9172802970670837,0.03218806753213722,0,0.0
2020-09-28,1494,16,1869.7142857142858,19.571428571428573,60359546,3.097628146033911,0.03242474449928529,0,0.0
2020-09-29,1648,24,1953.5714285714287,20.0,60359546,3.236557525749827,0.03313477540072949,0,0.0
2020-09-30,1851,19,2092.8571428571427,21.428571428571427,60359546,3.4673175687191926,0.035501545072210164,0,0.0
2020-10-01,2548,24,2208.8571428571427,21.571428571428573,60359546,3.6594992660434236,0.03573822203935824,0,0.0
2020-10-02,2499,23,2317.8571428571427,21.571428571428573,60359546,3.8400837919773996,0.03573822203935824,0,0.0
2020-10-03,2844,27,2464.8571428571427,22.142857142857142,60359546,4.08362439117276,0.036684929907950505,0,0.0
2020-10-04,2578,18,2725.8571428571427,23.857142857142858,60359546,4.516033210152281,0.03952505351372732,0,0.0
2020-10-05,2257,16,2998.714285714286,23.571428571428573,60359546,4.968086217405091,0.039051699579431186,0,0.0
2020-10-06,2677,28,3409.1428571428573,24.285714285714285,60359546,5.64805914402149,0.04023508441517152,0,0.0
2020-10-07,3678,31,3820.5714285714284,24.571428571428573,60359546,6.329688809407925,0.040708438349467656,0,0.0
2020-10-08,4458,22,4231.714285714285,25.714285714285715,60359546,7.010845120860063,0.0426018540866522,0,0.0
2020-10-09,5372,28,4569.142857142857,29.0,60359546,7.5698761172637985,0.04804542433105776,0,0.0
2020-10-10,5724,29,5029.714285714285,30.857142857142858,60359546,8.332922659349169,0.05112222490398264,0,0.0
2020-10-11,5456,26,5551.714285714285,32.57142857142857,60359546,9.19774029730821,0.05396234850975944,0,0.0
2020-10-12,4619,39,6172.571428571428,41.285714285714285,60359546,10.226338396533713,0.06839964350579159,0,0.0
2020-10-13,5901,41,6835.142857142857,45.142857142857146,60359546,11.32404617016645,0.07478992161878942,0,0.0
2020-10-14,7332,43,7578.142857142857,47.714285714285715,60359546,12.55500307630355,0.07905010702745464,0,0.0
2020-10-15,8804,83,8470.857142857143,53.857142857142854,60359546,14.033997444011826,0.08922721661482155,0,0.0
2020-10-16,10010,55,9145.0,58.714285714285715,60359546,15.150876051983559,0.09727423349785586,0,0.0
2020-10-17,10925,47,9855.42857142857,65.57142857142857,60359546,16.327870609610898,0.10863472792096311,0,0.0
2020-10-18,11705,69,10979.285714285714,77.57142857142857,60359546,18.189808310164747,0.1285155931614008,0,0.0
2020-10-19,9338,73,12018.57142857143,85.14285714285714,60359546,19.911633246166943,0.14105947242024838,0,0.0
2020-10-20,10874,89,13323.285714285714,90.28571428571429,60359546,22.073203987130245,0.14957984323757884,0,0.0
2020-10-21,15199,127,14568.857142857143,105.14285714285714,60359546,24.136790463694247,0.1741942478209779,0,0.0
2020-10-22,16079,136,15935.714285714286,113.57142857142857,60359546,26.40131568536696,0.18815818888271388,0,0.0
2020-10-23,19143,91,17032.0,123.28571428571429,60359546,28.21757473126123,0.2042522226487825,0,0.0
2020-10-24,19644,151,18620.571428571428,142.14285714285714,60359546,30.849422605947744,0.23549358231232745,0,0.0
2020-10-25,21273,128,20019.428571428572,153.28571428571428,60359546,33.16696346826163,0.2539543857498767,0,0.0
2020-10-26,17012,141,21555.428571428572,164.85714285714286,60359546,35.71171421903765,0.2731252200888702,0,0.0
2020-10-27,21994,221,23261.285714285714,180.28571428571428,60359546,38.537873883752724,0.2986863325408615,0,0.0
2020-10-28,24991,205,24991.85714285714,201.14285714285714,60359546,41.40497866378442,0.3332411697444794,0,0.0
2020-10-29,26831,217,26225.285714285714,212.57142857142858,60359546,43.44844759814084,0.3521753271163249,0,0.0
2020-10-30,31084,199,26974.0,225.71428571428572,60359546,44.68887158296386,0.3739496080939471,0,0.0
2020-10-31,31758,297,27866.85714285714,244.57142857142858,60359546,46.16810262763928,0.4051909677574921,0,0.0
2020-11-01,29907,208,28661.0,263.14285714285717,60359546,47.483789888015394,0.4359589734867409,0,0.0
2020-11-02,22253,233,29757.285714285714,295.7142857142857,60359546,49.300048933909665,0.4899213219965003,0,0.0
2020-11-03,28244,353,30718.0,331.0,60359546,50.891701537980424,0.5483805328820731,0,0.0
2020-11-04,30550,335,31868.428571428572,349.2857142857143,60359546,52.79766115442381,0.5786751846770257,0,0.0
2020-11-05,34505,445,32255.428571428572,366.85714285714283,60359546,53.438819058427924,0.607786451636238,0,0.0
2020-11-06,37809,446,32686.571428571428,384.42857142857144,60359546,54.15311014528079,0.6368977185954504,0,0.0
2020-11-07,39811,425,33665.71428571428,416.85714285714283,60359546,55.775294078113646,0.6906233901380617,0,0.0
2020-11-08,32616,331,34010.142857142855,458.0,60359546,56.345922245907644,0.7587863566767052,0,0.0
2020-11-09,25271,356,34506.28571428572,485.2857142857143,60359546,57.16790135281289,0.8039916574019862,0,0.0
2020-11-10,35098,580,34948.142857142855,500.14285714285717,60359546,57.899943212201855,0.8286060619853853,0,0.0
2020-11-11,32961,623,34583.0,517.1428571428571,60359546,57.2949968841714,0.8567706210760053,0,0.0
2020-11-12,37978,636,34777.71428571428,547.8571428571429,60359546,57.61758759039421,0.9076561690128401,0,0.0
2020-11-13,40902,550,35075.28571428572,569.0,60359546,58.11058571296364,0.9426843601507539,0,0.0
2020-11-14,37255,544,34660.0,590.5714285714286,60359546,57.42256576946421,0.9784225821901121,0,0.0
2020-11-15,33979,546,34848.71428571428,609.1428571428571,60359546,57.73521604306679,1.0091905879193608,0,0.0
2020-11-16,27354,504,34591.28571428572,611.5714285714286,60359546,57.30872414826598,1.013214096360878,0,0.0
2020-11-17,32191,731,34068.42857142857,632.8571428571429,60359546,56.44248644850405,1.0484789644659402,0,0.0
2020-11-18,34282,753,33713.0,654.0,60359546,55.85363415423966,1.0835071556038542,0,0.0
2020-11-19,36176,653,32907.0,656.2857142857143,60359546,54.518302705590266,1.0872939870782234,0,0.0
2020-11-20,37242,699,32275.0,674.2857142857143,60359546,53.47124380292721,1.11711528493888,0,0.0
2020-11-21,34767,692,30995.14285714286,691.7142857142857,60359546,51.35085485424767,1.145989874930944,0,0.0
2020-11-22,28337,562,29791.0,687.2857142857143,60359546,49.35590469815661,1.1386528889493541,0,0.0
2020-11-23,22930,630,28766.285714285714,711.4285714285714,60359546,47.65822081280352,1.1786512963973774,0,0.0
2020-11-24,23232,853,27496.285714285714,729.7142857142857,60359546,45.554162574857195,1.2089459481923301,0,0.0
2020-11-25,25853,722,26290.0,728.8571428571429,60359546,43.55566226425891,1.2075258863894418,0,0.0
2020-11-26,29003,822,25191.571428571428,725.8571428571429,60359546,41.73585306385742,1.2025556700793325,0,0.0
2020-11-27,28352,827,24255.428571428572,731.8571428571429,60359546,40.18490889813613,1.2124961026995513,0,0.0
2020-11-28,26323,686,23700.85714285714,722.1428571428571,60359546,39.26612891166733,1.1964020689334824,0,0.0
2020-11-29,20648,541,22966.0,716.7142857142857,60359546,38.04866259265767,1.187408344181856,0,0.0
2020-11-30,16377,672,22140.571428571428,741.1428571428571,60359546,36.68114307647613,1.2278801055641757,0,0.0
2020-12-01,19350,785,21533.0,739.2857142857143,60359546,35.6745559351954,1.2248033049912508,0,0.0
2020-12-02,20709,684,20780.0,735.8571428571429,60359546,34.42703164135794,1.2191230577796972,0,0.0
2020-12-03,23225,993,20528.428571428572,739.1428571428571,60359546,34.010243502210194,1.2245666280241025,0,0.0
2020-12-04,24099,814,20148.85714285714,718.5714285714286,60359546,33.38139280049777,1.1904851447547808,0,0.0
2020-12-05,21052,662,19504.85714285714,697.0,60359546,32.31445303259428,1.1547469227154228,0,0.0
2020-12-06,18887,564,18368.714285714286,670.5714285714286,60359546,30.432161112865703,1.11096168379303,0,0.0
2020-12-07,13720,528,17479.285714285714,655.4285714285714,60359546,28.95861031540183,1.0858739252753349,0,0.0
2020-12-08,14842,634,16711.85714285714,647.8571428571429,60359546,27.68718164788241,1.0733300460164874,0,0.0
2020-12-09,12756,499,16547.714285714286,646.0,60359546,27.415239812629284,1.0702532454435625,0,0.0
2020-12-10,16999,887,16412.14285714286,634.5714285714286,60359546,27.19063337080577,1.051319088071717,0,0.0
2020-12-11,18727,761,16170.714285714286,629.2857142857143,60359546,26.790649296325533,1.0425620402872386,0,0.0
2020-12-12,19903,649,16171.0,659.5714285714286,60359546,26.791122650259826,1.092737557322629,0,0.0
2020-12-13,17938,484,16859.0,685.4285714285714,60359546,27.930958924044923,1.1355760883764292,0,0.0
2020-12-14,12030,491,17035.714285714286,656.2857142857143,60359546,28.22372833240708,1.0872939870782234,0,0.0
2020-12-15,14844,846,16930.714285714286,643.8571428571429,60359546,28.04977076155325,1.0667030909363415,0,0.0
2020-12-16,17572,680,16417.14285714286,630.1428571428571,60359546,27.198917064655955,1.0439821020901268,0,0.0
2020-12-17,18236,683,16012.285714285714,611.2857142857143,60359546,26.528174539758325,1.0127407424265822,0,0.0
2020-12-18,17992,674,15846.857142857143,600.4285714285714,60359546,26.25410261180086,0.9947532929233288,0,0.0
2020-12-19,16308,553,15628.857142857143,569.2857142857143,60359546,25.89293355993291,0.9431577140850501,0,0.0
2020-12-20,15104,352,15193.142857142857,551.1428571428571,60359546,25.171068810131306,0.9130997392572454,0,0.0
2020-12-21,10872,415,15165.142857142857,525.7142857142857,60359546,25.124680124570283,0.8709712391048893,0,0.0
2020-12-22,13318,628,15314.42857142857,495.0,60359546,25.372007555240014,0.820085691168055,0,0.0
2020-12-23,14522,553,14474.857142857143,454.2857142857143,60359546,23.981057019310818,0.7526327555308555,0,0.0
2020-12-24,18040,505,13590.42857142857,446.57142857142856,60359546,22.51578991569713,0.7398521993048599,0,0.0
2020-12-25,19037,459,13263.714285714286,450.85714285714283,60359546,21.9745096918295,0.7469525083193018,0,0.0
2020-12-26,10431,268,12964.57142857143,455.2857142857143,60359546,21.478908122621448,0.754289494300892,0,0.0
2020-12-27,8913,298,13204.57142857143,458.42857142857144,60359546,21.876525427430202,0.7594963875781495,7309,0.00012109103670196591
2020-12-28,8585,445,13981.285714285714,465.57142857142856,60359546,23.163338097814243,0.7713302359355528,8803,0.00014584271392631084
2020-12-29,11224,659,14434.714285714286,466.0,60359546,23.914550791542215,0.772040266836997,9886,0.00016378519480580585
2020-12-30,16202,575,14634.714285714286,479.7142857142857,60359546,24.245898545549508,0.7947612556832117,14709,0.00024368970568466503
2020-12-31,23477,555,15396.42857142857,486.7142857142857,60359546,25.507860134383005,0.8063584270734669,40414,0.0006695544065225408
2021-01-01,22211,462,15712.857142857143,472.85714285714283,60359546,26.032099616615973,0.7834007612601044,51529,0.0008537009208120949
2021-01-02,11831,364,16306.285714285714,471.42857142857144,60359546,27.015255738149047,0.7810339915886236,90338,0.0014966646700755504
2021-01-03,14245,347,16896.14285714286,467.57142857142856,60359546,27.992494935503423,0.7746437134756258,125933,0.0020863808352700334
2021-01-04,10800,348,16116.57142857143,447.42857142857144,60359546,26.700948725776417,0.7412722611077484,195524,0.0032393219127261163
2021-01-05,15378,649,15448.285714285714,470.0,60359546,25.59377387345775,0.778667221917143,275899,0.004570925699142933
2021-01-06,20331,548,16612.14285714286,487.0,60359546,27.521981124813063,0.806831781007763,341376,0.005655708543599715
2021-01-07,18020,414,17238.14285714286,489.0,60359546,28.559099594855898,0.810145258547836,434093,0.007191787029014433
2021-01-08,17533,620,17485.571428571428,503.2857142857143,60359546,28.969024101956347,0.8338129552626428,530294,0.008785586293177222
2021-01-09,19978,483,17323.285714285714,498.57142857142856,60359546,28.70015906727614,0.8260026153467566,617975,0.010238231414132902
2021-01-10,18627,361,16672.285714285714,492.7142857142857,60359546,27.6216221279824,0.8162988596936858,678489,0.011240790313432775
2021-01-11,12532,448,16561.714285714286,508.14285714285717,60359546,27.438434155409794,0.8418599721456771,760191,0.012594379023327976
2021-01-12,14242,616,16363.57142857143,487.7142857142857,60359546,27.110163201975425,0.8080151658435034,842910,0.013964816766514447
2021-01-13,15774,507,15839.57142857143,486.57142857142856,60359546,26.24203208647631,0.8061217501063188,937905,0.015538635761110595
2021-01-14,17246,522,14970.714285714286,488.85714285714283,60359546,24.802562772281764,0.8099085815806879,1032091,0.01709905173905715
2021-01-15,16146,477,14441.142857142857,478.7142857142857,60359546,23.925201255063875,0.7931045169131752,1122267,0.018593032492325242
2021-01-16,16310,475,13906.142857142857,476.85714285714283,60359546,23.03884601309436,0.7900277163402502,1187498,0.019673739759407734
2021-01-17,12545,377,13591.42857142857,479.2857142857143,60359546,22.517446654467168,0.7940512247817674,1221818,0.02024233250528425
2021-01-18,8825,377,13138.857142857143,479.14285714285717,60359546,21.76765402254209,0.7938145478146194,1260922,0.020890183633919313
2021-01-19,10497,603,12779.857142857143,478.42857142857144,60359546,21.172884804098995,0.792631162978879,1292368,0.021411161707544982
2021-01-20,13571,524,12354.285714285714,480.2857142857143,60359546,20.4678241189649,0.7957079635518038,1318956,0.021851655411722282
2021-01-21,14078,521,12223.42857142857,469.14285714285717,60359546,20.25102801705727,0.7772471601142547,1335289,0.02212225055503234
2021-01-22,13633,472,12185.857142857143,475.2857142857143,60359546,20.18878197469733,0.7874242697016214,1348293,0.022337692864687883
2021-01-23,13331,488,12199.57142857143,466.42857142857144,60359546,20.211502963543545,0.7727502977384414,1354268,0.022436683006197562
2021-01-24,11629,299,12432.857142857143,458.2857142857143,60359546,20.59799645089634,0.7592597106110014,1357475,0.02248981461855263
2021-01-25,8562,420,12474.857142857143,454.14285714285717,60359546,20.667579479237872,0.7523960785637075,1362335,0.022570332122776406
2021-01-26,10593,541,12466.42857142857,454.85714285714283,60359546,20.653615538176133,0.7535794633994478,1366631,0.02264150562033717
2021-01-27,15204,467,12378.42857142857,445.2857142857143,60359546,20.507822526412923,0.7377221066005272,1372933,0.02274591329762487
2021-01-28,14372,492,12324.57142857143,436.42857142857144,60359546,20.418595309798107,0.7230481346373471,1377755,0.02282580124111603
2021-01-29,13574,477,12233.57142857143,423.42857142857144,60359546,20.267832081724784,0.701510530626873,1382656,0.022906998008235514
2021-01-30,12715,421,12100.285714285714,417.2857142857143,60359546,20.047012471375638,0.6913334210395059,1386784,0.02297538818466262
2021-01-31,11252,237,11812.42857142857,418.57142857142856,60359546,19.57010838257228,0.6934635137438385,1389402,0.023018761605662175
2021-02-01,7925,329,11710.57142857143,408.57142857142856,60359546,19.40135770499571,0.6768961260434738,1393666,0.023089404946816532
2021-02-02,9660,498,11802.57142857143,394.2857142857143,60359546,19.553777671839065,0.6532284293286671,1400045,0.02319508831295716
2021-02-03,13189,476,11906.42857142857,389.14285714285717,60359546,19.72584182695571,0.6447080585113367,1409019,0.02334376405018023
2021-02-04,13659,422,11962.0,393.85714285714283,60359546,19.817909167176307,0.6525183984272228,1422427,0.023565899584466723
2021-02-05,14218,377,11968.42857142857,390.7142857142857,60359546,19.828559630697967,0.6473115051499654,1440112,0.02385889383594767
2021-02-06,13442,385,12107.0,379.85714285714283,60359546,20.058136288831598,0.6293240556467122,1454574,0.02409849139687035
2021-02-07,11641,270,12073.714285714286,359.85714285714283,60359546,20.002990555486097,0.5961892802459826,1463933,0.02425354557835806
2021-02-08,7970,307,12286.142857142857,355.42857142857144,60359546,20.354929205635273,0.5888522942643927,1490424,0.024692432245928424
2021-02-09,10630,422,12241.857142857143,346.7142857142857,60359546,20.281559345819375,0.5744149992683606,1524575,0.02525822510328358
2021-02-10,12956,336,12254.714285714286,336.14285714285717,60359546,20.3028602728627,0.5569009036994035,1569019,0.02599454608223859
2021-02-11,15146,391,12172.857142857143,329.14285714285717,60359546,20.167244370686856,0.5453037323091482,1623525,0.02689756811623467
2021-02-12,13908,316,12084.42857142857,322.14285714285717,60359546,20.0207413280222,0.5337065609188928,1681504,0.027858128687714118
2021-02-13,13532,311,12049.57142857143,309.85714285714283,60359546,19.962992148038072,0.5133523417441589,1726867,0.028609675095965764
2021-02-14,11068,221,11923.57142857143,314.57142857142856,60359546,19.75424306301348,0.5211626816600452,1753862,0.029056911726937112
2021-02-15,7351,258,11725.857142857143,307.57142857142856,60359546,19.42668214048055,0.5095655102697898,1809758,0.0299829624298367
2021-02-16,10386,336,11950.285714285714,312.85714285714283,60359546,19.798501655870165,0.5183225580542684,1873854,0.03104486571187928
2021-02-17,12074,369,12150.142857142857,304.2857142857143,60359546,20.129612732910314,0.5041219400253844,1943794,0.03220358880764279
2021-02-18,13762,342,12490.714285714286,305.85714285714283,60359546,20.693850622591306,0.506725386664013,2024771,0.033545166161455225
2021-02-19,15479,353,12816.285714285714,308.14285714285717,60359546,21.23323743072175,0.5105122181383822,2109910,0.03495569698287658
2021-02-20,14931,251,13234.57142857143,311.0,60359546,21.926227590531298,0.5152457574813435,2182761,0.03616264774423585
2021-02-21,13452,232,13856.0,303.7142857142857,60359546,22.95577239762539,0.5031752321567922,2230826,0.03695895923405388
2021-02-22,9630,274,14730.857142857143,298.85714285714283,60359546,24.405182144440158,0.4951282152737578,2329677,0.03859666207562264
2021-02-23,13314,356,15448.0,284.57142857142856,60359546,25.593300519523456,0.471460518558951,2429224,0.04024589581903085
2021-02-24,16424,318,16017.285714285714,288.7142857142857,60359546,26.536458233608503,0.478324150606245,2541798,0.0421109529220117
2021-02-25,19886,308,16589.14285714286,283.0,60359546,27.48387613310223,0.4688570719203222,2656418,0.04400990690022751
2021-02-26,20499,253,17086.85714285714,279.0,60359546,28.308458686646087,0.46223011684017634,2777811,0.04602107179533789
2021-02-27,18916,280,17625.285714285714,277.14285714285717,60359546,29.200494175827156,0.45915331626725153,2890893,0.04789454513127054
2021-02-28,17455,192,18262.428571428572,281.2857142857143,60359546,30.256073449307543,0.46601694831454543,2960011,0.04903964983434435
2021-03-01,13114,246,18688.0,285.7142857142857,60359546,30.961134134441632,0.47335393429613554,3069655,0.05085616449136314
2021-03-02,17083,343,19193.285714285714,292.0,60359546,31.79826056724435,0.4837677208506505,3198853,0.05299663784747486
2021-03-03,20884,347,19868.285714285714,295.85714285714283,60359546,32.91655923701897,0.4901579989636483,3341982,0.05536791148164037
2021-03-04,22865,339,20341.14285714286,298.0,60359546,33.69995999827908,0.4937081534708694,3490412,0.057827008838005504
2021-03-05,24036,297,20453.714285714286,308.2857142857143,60359546,33.886461448391756,0.5107488951055302,3641616,0.060332064127851456
2021-03-06,23641,307,20834.571428571428,313.0,60359546,34.5174422428085,0.5185592350214165,3778219,0.06259521898988438
2021-03-07,20765,207,21052.428571428572,310.85714285714283,60359546,34.878374617709305,0.5150090805141955,3859108,0.06393533841357919
2021-03-08,13902,318,21453.571428571428,315.7142857142857,60359546,35.54296354146108,0.5230560973972298,3990667,0.06611492737205148
2021-03-09,19749,376,21851.85714285714,327.57142857142856,60359546,36.20281892586989,0.5427002856705194,4133677,0.06848422948708063
2021-03-10,22409,332,22197.714285714286,329.0,60359546,36.775813863335365,0.5450670553420001,4291523,0.0710993253660324
2021-03-11,25673,373,22276.285714285714,337.14285714285717,60359546,36.9059861952668,0.55855764246944,4452874,0.07377248993887396
2021-03-12,26824,380,22471.285714285714,342.2857142857143,60359546,37.229050255423914,0.5670780132867703,4600904,0.07622496034015895
2021-03-13,26062,317,22563.714285714286,360.2857142857143,60359546,37.38218025316871,0.5968993111474269,4726671,0.07830859098907073
2021-03-14,21315,264,22656.571428571428,374.42857142857144,60359546,37.536020281814956,0.6203303308950856,4797536,0.07948263891845707
2021-03-15,15267,354,22551.14285714286,381.57142857142856,60359546,37.36135268005969,0.632164179252489,4899772,0.08117642236739156
2021-03-16,20396,502,22395.571428571428,382.42857142857144,60359546,37.10361146283544,0.6335842410553775,4966565,0.08228300789406202
2021-03-17,23059,431,22077.0,394.42857142857144,60359546,36.57582182609524,0.6534651062958152,5049986,0.08366507594341416
2021-03-18,24935,423,21911.85714285714,399.57142857142856,60359546,36.30222325207208,0.6619854771131456,5132681,0.08503511606929581
2021-03-19,25735,386,21708.85714285714,404.14285714285717,60359546,35.96590528175467,0.6695591400618838,5228287,0.0866190577377769
2021-03-20,23832,401,21475.85714285714,411.14285714285717,60359546,35.579885148336174,0.6811563114521391,5339927,0.08846864090064561
2021-03-21,20159,300,21219.85714285714,415.2857142857143,60359546,35.15576002320684,0.6880199434994331,5423269,0.08984940012636941
2021-03-22,13846,386,21057.428571428572,420.57142857142856,60359546,34.88665831155949,0.6967769912839116,5550306,0.09195407135766064
2021-03-23,18765,551,20807.714285714286,430.7142857142857,60359546,34.472946972984666,0.7135810559514243,5701593,0.09446050174068572
2021-03-24,21267,460,20799.714285714286,427.7142857142857,60359546,34.45969306282437,0.7086108396413149,5869046,0.0972347605132749
2021-03-25,23798,460,20721.428571428572,427.2857142857143,60359546,34.329994084827234,0.7079008087398707,6050988,0.10024906416625466
2021-03-26,23987,457,20588.571428571428,431.7142857142857,60359546,34.109884505379526,0.7152377947214609,6239940,0.10337950520701399
2021-03-27,23776,380,20195.428571428572,428.57142857142856,60359546,33.45854949178805,0.7100309014442033,6409591,0.10619017909776857
2021-03-28,19611,297,20373.85714285714,429.57142857142856,60359546,33.75415902375598,0.7116876402142397,6529377,0.10817472020084445
2021-03-29,12916,417,20352.571428571428,435.42857142857144,60359546,33.718894155650915,0.7213913958673106,6702750,0.1110470579086198
2021-03-30,16013,529,20059.0,438.85714285714283,60359546,33.23252298816164,0.7270716430788641,6892145,0.11418483830213037
2021-03-31,22516,467,19699.714285714286,438.2857142857143,60359546,32.63728041578425,0.7261249352102719,7103326,0.1176835558040811
2021-04-01,23649,501,19473.14285714286,442.42857142857144,60359546,32.26191074588742,0.7329885672575659,7296685,0.12088700932243593
2021-04-02,21932,481,19153.714285714286,425.14285714285717,60359546,31.732701047344335,0.7043506542326498,7496135,0.12419137479927367
2021-04-03,21261,376,17975.714285714286,409.7142857142857,60359546,29.78106277624137,0.6787895417806584,7662571,0.12694878453857159
2021-04-04,18025,326,16717.428571428572,432.57142857142856,60359546,27.696412049601186,0.7166578565243492,7737084,0.12818327029828885
2021-04-05,10680,296,15799.142857142857,430.57142857142856,60359546,26.175052504773408,0.7133443789842763,7867922,0.13035091417022918
2021-04-06,7767,421,15371.42857142857,464.42857142857144,60359546,25.46644166513209,0.7694368201983685,8073217,0.13375211602817555
2021-04-07,13708,627,14843.714285714286,459.85714285714283,60359546,24.592156948487133,0.7618631572496302,8311852,0.1377056745920521
2021-04-08,17221,487,14518.142857142857,460.57142857142856,60359546,24.05277014035668,0.7630465420853706,8556342,0.14175623521091427
2021-04-09,18938,718,14390.857142857143,469.42857142857144,60359546,23.841890962627755,0.7777205140485508,8804113,0.14586115342882136
2021-04-10,17567,344,15202.285714285714,477.2857142857143,60359546,25.186216136028783,0.7907377472416944,9051703,0.14996307294955466
2021-04-11,15746,331,15553.714285714286,454.7142857142857,60359546,25.768441475213027,0.7533427864322998,9209169,0.1525718732211803
2021-04-12,9789,358,15518.42857142857,439.42857142857144,60359546,25.70998226432745,0.7280183509474565,9410192,0.15590229919887072
2021-04-13,13447,476,15090.57142857143,398.14285714285717,60359546,25.001134747718993,0.659618707441665,9627765,0.15950691544300216
2021-04-14,16168,469,14776.714285714286,393.2857142857143,60359546,24.48115545089469,0.6515716905586306,9864235,0.16342460561250743
2021-04-15,16974,380,14340.714285714286,381.85714285714283,60359546,23.758817347158786,0.6326375331867851,10111361,0.16751883786534777
2021-04-16,15943,429,14208.57142857143,375.85714285714283,60359546,23.539891152546822,0.6226971005665662,10385898,0.1720671987824428
2021-04-17,15370,310,14012.42857142857,363.57142857142856,60359546,23.21493367665252,0.6023428813918325,10655789,0.17653858761628194
2021-04-18,12694,251,13680.42857142857,348.57142857142856,60359546,22.664896405000412,0.5774917998412854,10839528,0.17958266286495925
2021-04-19,8864,316,13548.42857142857,345.7142857142857,60359546,22.446206887355597,0.572758260498324,11057454,0.18319312739694896
2021-04-20,12074,390,13379.57142857143,333.2857142857143,60359546,22.166454712186585,0.5521673643564421,11287911,0.18701119786421191
2021-04-21,13844,364,13157.714285714286,335.0,60359546,21.798895382205636,0.555007487962219,11536253,0.19112557606049588
2021-04-22,16050,360,13224.0,330.14285714285717,60359546,21.90871349496234,0.5469604710791847,11792966,0.1953786398592196
2021-04-23,14761,342,13164.0,328.0,60359546,21.809309168760148,0.5434103165719636,12060726,0.1998147235898693
2021-04-24,13817,322,12925.42857142857,325.57142857142856,60359546,21.414058633622876,0.5393868081304464,12326732,0.2042217481224925
2021-04-25,13158,217,12859.857142857143,322.7142857142857,60359546,21.305423905701915,0.5346532687874851,12541807,0.20778497903214846
2021-04-26,8444,301,12612.714285714286,312.42857142857144,60359546,20.89597275253576,0.5176125271528242,12798081,0.21203076974767174
2021-04-27,10404,373,12424.857142857143,301.14285714285717,60359546,20.58474254073605,0.4989150467481269,13053588,0.21626385327682882
2021-04-28,13385,344,12303.142857142857,287.42857142857144,60359546,20.383093764725892,0.47619405790191244,13315794,0.22060792173619065
2021-04-29,14320,288,11730.285714285714,277.0,60359546,19.43401912646214,0.4589166393001034,13660940,0.22632608933142076
2021-04-30,13446,263,11373.714285714286,270.57142857142856,60359546,18.843273416460566,0.44826617577844036,13990162,0.23178043784491023
2021-05-01,12965,226,11189.714285714286,260.85714285714283,60359546,18.538433482773854,0.43217214201237175,14267099,0.23636856049248614
2021-05-02,9148,144,10789.714285714286,249.85714285714286,60359546,17.875737974759264,0.4139480155419706,14512678,0.24043716299655402
2021-05-03,5948,256,10430.714285714286,245.57142857142858,60359546,17.280968756316167,0.4068477065275285,14795501,0.24512280128813427
2021-05-04,9116,305,10017.57142857143,237.57142857142858,60359546,16.596498967323956,0.39359379636723674,15101393,0.25019063264657426
2021-05-05,10585,267,9619.142857142857,237.28571428571428,60359546,15.936406905947996,0.3931204424329406,15430870,0.2556492058439273
2021-05-06,11807,258,9496.857142857143,236.57142857142858,60359546,15.73381142206925,0.3919370575972002,15766885,0.2612160966220654
2021-05-07,10554,207,9372.857142857143,228.28571428571428,60359546,15.528375814584727,0.3782097935026123,16111192,0.2669203641790149
2021-05-08,10176,224,9062.857142857143,220.57142857142858,60359546,15.014786795873421,0.36542923727661664,16428143,0.27217141427803315
2021-05-09,8292,139,8672.42857142857,219.85714285714286,60359546,14.367948644657748,0.3642458524408763,16677008,0.27629445721808443
2021-05-10,5080,198,8140.714285714285,211.71428571428572,60359546,13.487036972932641,0.3507552653134365,16961479,0.2810073985645949
2021-05-11,6946,251,7714.0,208.14285714285714,60359546,12.780082872061364,0.3448383411347347,17254135,0.28585594397943287
2021-05-12,7852,262,7211.571428571428,195.57142857142858,60359546,11.947689978601609,0.3240107680257048,17568460,0.29106348811835
2021-05-13,8085,201,6848.857142857143,189.0,60359546,11.346767159012666,0.31312362753689366,17902066,0.2965904680595179
2021-05-14,7567,182,6616.714285714285,180.71428571428572,60359546,10.962167087397054,0.29939636344230575,18241919,0.30222094447164993
2021-05-15,6659,136,6260.428571428572,173.57142857142858,60359546,10.371894731329773,0.2875625150849023,18593410,0.30804423214183885
2021-05-16,5753,93,5925.285714285715,157.42857142857142,60359546,9.816650566400407,0.2608180177971707,18860449,0.3124683707859565
2021-05-17,3455,140,5590.428571428572,152.14285714285714,60359546,9.261879755405335,0.2520609700126922,19127207,0.31688785399413044
2021-05-18,4452,201,5254.857142857143,157.28571428571428,60359546,8.705925559574526,0.2605813408300226,19402827,0.321454157392105
2021-05-19,5506,149,4977.428571428572,155.71428571428572,60359546,8.246298889372977,0.2579778941913939,19702407,0.32641741539938024
2021-05-20,5741,164,4726.285714285715,152.71428571428572,60359546,7.830220781126675,0.2530076778812845,20006434,0.33145434857975903
2021-05-21,5218,218,4588.428571428572,148.42857142857142,60359546,7.60182750782879,0.2459073688668424,20327083,0.33676666487849327
2021-05-22,4717,125,4413.0,143.42857142857142,60359546,7.311188192170961,0.23762367501666004,20643310,0.34200572018881653
2021-05-23,3995,72,4188.857142857143,139.42857142857142,60359546,6.939842030715643,0.2309967199365141,20890219,0.3460963573185259
2021-05-24,2490,110,3961.1428571428573,140.42857142857142,60359546,6.562578945081624,0.2326534587065506,21159600,0.3505592967846378
2021-05-25,3224,166,3749.714285714286,127.28571428571429,60359546,6.212297033702483,0.2108791777289284,21423707,0.3549348598480181
2021-05-26,3937,121,3554.5714285714284,121.28571428571429,60359546,5.888996296578222,0.20093874510870954,21705870,0.3596095636637161
2021-05-27,4147,171,3405.1428571428573,117.28571428571429,60359546,5.6414321889413435,0.19431179002856366,22008191,0.3646182328806781
2021-05-28,3738,126,3309.4285714285716,113.28571428571429,60359546,5.482858620952139,0.18768483494841776,22324804,0.36986368320265367
2021-05-29,3351,83,3203.5714285714284,102.85714285714286,60359546,5.30748098829542,0.1704074163466088,22638111,0.3750543617408918
2021-05-30,2949,44,3055.0,94.42857142857143,60359546,5.06133694246143,0.1564434752848728,22888922,0.379209644817408
2021-05-31,1820,82,2743.714285714286,78.42857142857143,60359546,4.5456178310457895,0.12993565496428922,23209583,0.38452215992479466
2021-06-01,2483,93,2575.0,70.85714285714286,60359546,4.266102332843921,0.11739177570544161,23538623,0.38997349317372265
2021-06-02,2897,62,2444.285714285714,67.14285714285714,60359546,4.049542907903439,0.11123817455959185,23873442,0.3955205693561711
2021-06-03,1968,59,2348.0,68.14285714285714,60359546,3.8900226320456417,0.11289491332962831,24329908,0.4030830185502058
2021-06-04,2557,73,2269.8571428571427,65.71428571428571,60359546,3.760560331015649,0.10887140488811116,24826914,0.4113171096416133
2021-06-05,2436,57,2186.0,67.0,60359546,3.621630951299733,0.11100149759244379,25317768,0.4194492781638881
2021-06-06,2275,51,2086.285714285714,69.14285714285714,60359546,3.456430428230382,0.11455165209966481,25740340,0.42645019231920667
2021-06-07,1273,65,2102.1428571428573,73.28571428571429,60359546,3.482701571583817,0.12141528414695878,26188053,0.43386762716870003
2021-06-08,1896,102,2008.4285714285713,72.71428571428571,60359546,3.3274414811346844,0.12046857627836648,26641312,0.44137694475037964
2021-06-09,2199,77,1906.5714285714287,72.0,60359546,3.1586908035581125,0.11928519144262616,27103737,0.44903811900772084
2021-06-10,2079,88,1780.142857142857,68.42857142857143,60359546,2.9492316876320723,0.11336826726392446,27597833,0.45722399900092026
2021-06-11,1901,69,1727.857142857143,64.28571428571429,60359546,2.86260791765588,0.10650463521663052,28076082,0.465147335601232
2021-06-12,1723,52,1636.2857142857142,58.714285714285715,60359546,2.710897981713968,0.09727423349785586,28530401,0.472674214613874
2021-06-13,1390,26,1522.142857142857,55.142857142857146,60359546,2.521793084962662,0.09135730931915416,28881218,0.47848633586475287
2021-06-14,907,36,1414.4285714285713,47.857142857142854,60359546,2.3433386517330193,0.0792867839946027,29208031,0.48390077354127214
2021-06-15,1255,63,1306.7142857142858,43.0,60359546,2.164884218503376,0.0712397671115684,29524234,0.4891394312342906
2021-06-16,1400,52,1231.5714285714287,39.57142857142857,60359546,2.0403921337834925,0.06555951990001477,29838077,0.49433898989233616
2021-06-17,1325,37,1158.857142857143,38.285714285714285,60359546,1.9199235575051257,0.06342942719568216,30150233,0.4995105993673312
2021-06-18,1147,35,1100.0,36.142857142857146,60359546,1.8224126470401218,0.05987927268846115,30460418,0.5046495545211689
2021-06-19,1197,28,1040.0,31.571428571428573,60359546,1.7230083208379334,0.05230560973972297,30749732,0.5094427317263122
2021-06-20,881,17,975.8571428571429,25.857142857142858,60359546,1.616740362588451,0.04283853105380027,30969891,0.5130901912350367
2021-06-21,495,21,919.0,24.571428571428573,60359546,1.52254292966352,0.040708438349467656,31246219,0.5176682243435031
2021-06-22,835,31,862.7142857142857,27.571428571428573,60359546,1.4292922046071812,0.04567865465957708,31527754,0.5223325238397254
2021-06-23,951,12,811.4285714285714,29.285714285714285,60359546,1.3443251734010249,0.04851877826535389,31799987,0.5268427134955588
2021-06-24,927,28,797.2857142857143,28.857142857142858,60359546,1.3208941536533663,0.04780874736390969,32085606,0.5315746742031492
2021-06-25,753,56,782.1428571428571,29.857142857142858,60359546,1.295806395135671,0.04946548613394616,32360417,0.5361275745844741
2021-06-26,838,40,759.8571428571429,31.428571428571427,60359546,1.2588847882605727,0.052068932772574905,32619647,0.5404223384980398
2021-06-27,782,14,734.8571428571429,33.142857142857146,60359546,1.2174663190096606,0.05490905637835172,32826339,0.5438466849966035
2021-06-28,389,28,728.4285714285714,32.142857142857146,60359546,1.2068158554879977,0.05325231760831526,33083704,0.5481105507321079
2021-06-29,679,42,734.2857142857143,28.142857142857142,60359546,1.2165196111410685,0.04662536252816935,33322848,0.552072542096324
2021-06-30,776,24,747.7142857142857,25.571428571428573,60359546,1.2387672460529866,0.04236517711950413,33560085,0.5560029394521954
2021-07-01,882,21,751.4285714285714,25.285714285714285,60359546,1.2449208471988367,0.04189182318520799,33772125,0.5595158883401807
2021-07-02,794,28,764.4285714285714,25.714285714285715,60359546,1.2664584512093107,0.0426018540866522,33964389,0.5627012005690036
2021-07-03,932,22,797.0,23.142857142857142,60359546,1.3204207997190702,0.038341668677986974,34123652,0.5653397724363268
2021-07-04,808,12,830.4285714285714,21.714285714285715,60359546,1.3758032100317181,0.03597489900650631,34257964,0.5675649714131382
2021-07-05,480,31,903.5714285714286,20.571428571428573,60359546,1.4969818172115288,0.03408148326932176,34419095,0.5702344911606857
2021-07-06,907,24,988.7142857142857,20.142857142857142,60359546,1.6380412896317769,0.03337145236787756,34577256,0.5728548057667631
2021-07-07,1010,14,1055.5714285714287,18.714285714285715,60359546,1.7488061102570729,0.03100468269639688,34717765,0.5751826728451536
2021-07-08,1394,13,1138.857142857143,18.0,60359546,1.8867887821043965,0.02982129786065654,34827942,0.5770080179198167
2021-07-09,1390,25,1197.142857142857,15.428571428571429,60359546,1.983352984700808,0.02556111245199132,34931971,0.5787315066948979
2021-07-10,1400,12,1286.7142857142858,14.857142857142858,60359546,2.1317494431026467,0.02461440458339905,35028415,0.5803293318342719
2021-07-11,1391,7,1450.0,16.142857142857142,60359546,2.402271216552888,0.02674449728773166,35084154,0.5812527814573025
2021-07-12,888,13,1601.5714285714287,15.571428571428571,60359546,2.653385478696988,0.025797789419139388,35169410,0.5826652506630848
2021-07-13,1534,20,1817.0,13.571428571428571,60359546,3.0102943451562743,0.022484311879066438,35252592,0.5840433591067766
2021-07-14,2153,23,2062.8571428571427,13.714285714285714,60359546,3.4176154056180987,0.022720988846214502,35344100,0.5855594076204615
2021-07-15,2455,9,2310.8571428571427,13.142857142857142,60359546,3.828486620587144,0.021774280977622237,35439474,0.5871395056549962
2021-07-16,2898,11,2480.0,12.285714285714286,60359546,4.108712149690456,0.020354219174733828,35530073,0.5886404944132615
2021-07-17,3121,13,2769.1428571428573,10.857142857142858,60359546,4.587746331198146,0.017987449503253154,35606503,0.5899067398552004
2021-07-18,3127,3,3070.0,10.571428571428571,60359546,5.086188024011976,0.017514095568957014,35688581,0.5912665579028709
2021-07-19,2072,7,3441.714285714286,11.428571428571429,60359546,5.702021492531249,0.018934157371845423,35803756,0.5931747067812604
2021-07-20,3558,10,3762.4285714285716,12.285714285714286,60359546,6.2333612837786605,0.020354219174733828,35917270,0.5950553372286796
2021-07-21,4259,21,4050.8571428571427,11.142857142857142,60359546,6.7112120804506095,0.018460803437549286,36044660,0.5971658567478291
2021-07-22,5057,15,4281.714285714285,11.714285714285714,60359546,7.093682059361886,0.019407511306141555,36180700,0.5994196841705867
2021-07-23,5143,17,4431.0,13.857142857142858,60359546,7.341009490031618,0.022957665813362574,36332324,0.6019316977632668
2021-07-24,5140,5,4568.714285714285,15.857142857142858,60359546,7.5691660863623555,0.026271143353435524,36446175,0.603817911420341
2021-07-25,4743,7,4774.0,15.0,60359546,7.909270888154128,0.02485108155054712,36525093,0.6051253765228785
2021-07-26,3117,22,4933.142857142857,15.571428571428571,60359546,8.172929029557077,0.025797789419139388,36665305,0.6074483230871219
2021-07-27,4522,24,5144.0,15.714285714285714,60359546,8.522264233067624,0.026034466386287453,36805426,0.6097697620190847
2021-07-28,5696,15,5340.142857142857,17.285714285714285,60359546,8.847221708961921,0.028637913024916202,36961212,0.6123507290793738
2021-07-29,6171,19,5422.714285714285,16.571428571428573,60359546,8.984020995973504,0.02745452818917586,37135570,0.615239385664034
2021-07-30,6619,18,5433.142857142857,16.714285714285715,60359546,9.001298414575313,0.02769120515632393,37316576,0.6182381822421262
2021-07-31,6513,16,5479.285714285715,17.142857142857142,60359546,9.07774507496414,0.028401236057768134,37466738,0.6207259743139883
2021-08-01,5321,2,5607.857142857143,18.0,60359546,9.290754345397401,0.02982129786065654,37574621,0.6225133138012668
2021-08-02,3190,23,5759.142857142857,19.142857142857142,60359546,9.541395253607204,0.03171471359784108,37723337,0.6249771494305143
2021-08-03,4845,27,5756.285714285715,20.0,60359546,9.536661714264243,0.03313477540072949,37873640,0.6274672775040422
2021-08-04,6596,21,5811.857142857143,20.857142857142858,60359546,9.628729054484841,0.03455483720361789,38045072,0.6303074579122911
2021-08-05,7230,27,5871.0,22.142857142857142,60359546,9.72671331888414,0.036684929907950505,38218733,0.6331845670277242
2021-08-06,6599,24,6015.285714285715,22.0,60359546,9.96575705570369,0.036448252940802436,38403236,0.6362412997606045
2021-08-07,6902,22,6128.285714285715,22.571428571428573,60359546,10.152968536717813,0.03739496080939471,38553041,0.6387231772750577
2021-08-08,5735,11,6181.428571428572,24.0,60359546,10.241012368496893,0.03976173048087539,38661353,0.6405176241716596
2021-08-09,4200,22,6187.142857142857,24.428571428571427,60359546,10.250479447182816,0.04047176138231959,38838687,0.6434555853021161
2021-08-10,5636,31,6302.857142857143,27.428571428571427,60359546,10.442187790572751,0.045441977692429004,39015135,0.6463788677270701
2021-08-11,6968,31,6343.714285714285,29.142857142857142,60359546,10.509877403177097,0.04828210129820582,39184929,0.6491919107542657
2021-08-12,7270,30,6333.571428571428,30.285714285714285,60359546,10.493073338509584,0.05017551703539036,39360072,0.6520935727382707
2021-08-13,7409,45,6258.428571428572,30.571428571428573,60359546,10.368581253789701,0.05064887096968651,39511516,0.6546026042011648
2021-08-14,7188,34,6206.571428571428,33.857142857142854,60359546,10.282667514714953,0.056092441214092056,39575257,0.6556586260605738
2021-08-15,5664,19,6234.285714285715,39.285714285714285,60359546,10.328582846341678,0.06508616596571863,39602331,0.6561071715151734
2021-08-16,3674,24,6232.857142857143,42.857142857142854,60359546,10.326216076670196,0.07100309014442033,39724964,0.6581388799710323
2021-08-17,5273,54,6206.428571428572,43.42857142857143,60359546,10.282430837747805,0.07194979801301261,39850546,0.6602194456532194
2021-08-18,7162,69,6246.714285714285,45.0,60359546,10.34917374248356,0.07455324465164136,39985245,0.6624510562090709
2021-08-19,7260,55,6283.714285714285,45.57142857142857,60359546,10.410473076974908,0.07549995252023362,40106425,0.6644586922506011
2021-08-20,7224,49,6354.285714285715,48.42857142857143,60359546,10.527391498746054,0.08023349186319498,40216458,0.6662816516214354
2021-08-21,7470,45,6469.0,49.285714285714285,60359546,10.717443103365953,0.08165355366608339,40291339,0.6675222341798264
2021-08-22,5923,23,6524.142857142857,47.857142857142854,60359546,10.808800412685107,0.0792867839946027,40338135,0.6682975216546526
2021-08-23,4168,44,6518.571428571428,46.142857142857146,60359546,10.799570010966333,0.07644666038882589,40476144,0.6705839702637922
2021-08-24,6076,60,6604.571428571428,45.57142857142857,60359546,10.94204954518947,0.07549995252023362,40603166,0.672688392984268
2021-08-25,7548,59,6517.428571428572,46.857142857142854,60359546,10.797676595229149,0.07763004522456622,40724460,0.674697917707996
2021-08-26,7221,43,6522.571428571428,48.857142857142854,60359546,10.806196966046478,0.08094352276463918,40837219,0.6765660397777015
2021-08-27,7826,45,6535.285714285715,50.142857142857146,60359546,10.827261216122658,0.0830736154689718,40944710,0.6783468848490013
2021-08-28,6860,54,6452.714285714285,52.285714285714285,60359546,10.690461929111072,0.08662376997619281,41033465,0.6798173233443472
2021-08-29,5959,37,6303.428571428572,53.714285714285715,60359546,10.443134498441342,0.08899053964767348,41096472,0.6808611847411841
