family_std,family,strangers,friends,colleagues,total_std,total,date,strangers_std,friends_std,colleagues_std
0.10384454475745708,0.5084376248689948,1.7763308464250223,0.34307358208921857,0.7280791767847408,0.676379128578725,3.3236596830609955,2020-04-12,0.4479327714420094,0.13831834315127206,0.1540079498621273
0.09665600357877786,0.5064711281878456,1.7588065414243288,0.33777519687036195,0.7178232333494221,0.6392514977659167,3.2872162323210183,2020-04-13,0.43271417334201373,0.12966323265686805,0.14499831223857926
0.09036017269815028,0.5047309072402044,1.7423463759628606,0.3338038497229925,0.7088417808115794,0.6054426412577146,3.2556114881479647,2020-04-14,0.4183987016272924,0.12187427826168767,0.13683922600578433
0.0850280895503595,0.503300159933225,1.726996005293295,0.3311893793060583,0.701179555729933,0.5751482941835092,3.22899119566375,2020-04-15,0.4050261143557054,0.11500418925377473,0.12958152108197674
0.08070004990088796,0.5022732531042919,1.7128006135573444,0.32995720524476346,0.6948768460248869,0.5485226236828408,3.207491945677207,2020-04-16,0.39263091832355557,0.10909256144722848,0.12326452890911145
0.07737766858515507,0.5017550539422696,1.6998048343176637,0.33012811775670925,0.6899691682284081,0.5256624286229286,3.191240118533459,2020-04-17,0.38124111224154994,0.10416022806738454,0.11791136532212539
0.07501997470846464,0.5018598015258959,1.6880526705320935,0.33171809173470446,0.6864869696554998,0.5065918586405648,3.1803506932815857,2020-04-18,0.3708769139899895,0.10020394122108002,0.11352438766832205
0.07354582815493876,0.5027095053899844,1.6775874140676406,0.3347381275756651,0.684455358810903,0.4912505139641769,3.1749259355061614,2020-04-19,0.3615495547906219,0.09719272352226557,0.11008180147499151
0.07284291967490587,0.5044318774965456,1.668451564852757,0.33919412087784107,0.6838938671755945,0.4794879592462023,3.175053985522622,2020-04-20,0.3532602386746546,0.09506718928703912,0.10753642239722805
0.07278108695103835,0.5071578248675929,1.6606867497678022,0.345086762927975,0.6848162453061075,0.47106684883774835,3.180807376804882,2020-04-21,0.34599937142646464,0.09374251007214122,0.1058172451703516
0.07322625932688397,0.5110185514589722,1.654333641375391,0.352411473666711,0.6872302959264838,0.46567507758059684,3.1922415220906695,2020-04-22,0.3397461553179944,0.09311466622434422,0.10483379160542688
0.07405179227049846,0.5161423385641704,1.6494318765942504,0.36115836855599626,0.6911377463997934,0.462945239204389,3.2093932111920767,2020-04-23,0.3344686226531707,0.09306867184503542,0.10448247545910543
0.07514561647329679,0.5226510920473895,1.6460199754228912,0.3713122604783665,0.6965341626352661,0.4624780544304537,3.232279169750173,2020-04-24,0.3301241439483783,0.09348705321411474,0.10465376330752552
0.07641330119501119,0.5306567609647865,1.644135259821923,0.382852697477313,0.7034089061215776,0.46386593326906167,3.260894731682474,2020-04-25,0.3266604005958066,0.09425711424772248,0.10523889844378266
0.07777808951062609,0.5402577446827569,1.6438137728673996,0.3957540368036545,0.7117451353796955,0.4667134835064319,3.295212679613213,2020-04-26,0.3240167648530135,0.09527617622968863,0.10613531172369603
0.07917917467950596,0.5515354136396331,1.6450901982908541,0.40998555536846204,0.7215198527042077,0.47065309196474975,3.3351823069674698,2020-04-27,0.32212599042124995,0.09645465539131193,0.1072503406886264
0.08056926277641342,0.5645508718226112,1.6479977805259953,0.4255115963230104,0.732703996614638,0.475355076696375,3.3807287525558465,2020-04-28,0.32091609152488315,0.09771729666363321,0.10850330336333176
0.0819121086985575,0.5793420864930772,1.6525682453861705,0.4422917510948534,0.7452625799729551,0.48053291929635195,3.4317526533901868,2020-04-29,0.32031228066535294,0.09900306824435313,0.1098262250541576
0.08318038880552707,0.5959215026102443,1.6588317215014667,0.4602810758117929,0.7591548732457047,0.48594461071887723,3.4881301542646197,2020-04-30,0.3202388444525815,0.10026421402931117,0.11116360081250501
0.08435403983419744,0.6142742459800266,1.6668166626496095,0.479430340647399,0.7743346319049258,0.49139126349741025,3.5497133035265165,2020-05-01,0.32062085914062616,0.10146485944238762,0.11247155013436545
0.0854190491052622,0.6343570008753933,1.6765497711197588,0.49968631022878895,0.790750366477037,0.4967140168999601,3.6163308537585257,2020-05-02,0.3213856769570777,0.10257944418035408,0.11371664436512233
0.08636660530112152,0.6560976254758518,1.688055922254227,0.5209920528652285,0.8083456532699594,0.5017900328921148,3.687789474186502,2020-05-03,0.3224641451902283,0.1035911503188641,0.11487460276728474
0.08719249096659773,0.6793955429148875,1.7013580903188579,0.543287275990998,0.8270594833417322,0.5065281433958112,3.7638753689740083,2020-05-04,0.3237915476798899,0.10449041768797407,0.1159289811103155
0.08789660026716714,0.7041229181315966,1.716477275858708,0.5665086848736534,0.8468266468258809,0.510864508936646,3.8443562826614857,2020-05-05,0.32530828006900875,0.10527358873079895,0.11686992334894764
0.08848248587904903,0.7301266023298508,1.7334324347017809,0.5905903613253268,0.8675781493056434,0.5147584988795325,3.9289838613770955,2020-05-06,0.3269602849344402,0.10594169588235428,0.11769301135952649
0.0889568682062758,0.7572307989295213,1.7522404087796049,0.6154641588755259,0.8892416565373459,0.5181889007393746,4.017496326601963,2020-05-07,0.32869928111513647,0.10649938925214479,0.11839822593373309
0.08932907204851016,0.7852403786945554,1.7729158589396343,0.6410601106245316,0.9117419634687527,0.5211505007998583,4.109621407704227,2020-05-08,0.33048282438861476,0.10695399579277272,0.11898902014247491
0.08961038588640238,0.8139447483928024,1.7954711999300255,0.6673068458016028,0.9350014831864001,0.5236510399839209,4.205079470598337,2020-05-09,0.3322742356057676,0.1073146994762033,0.1194715003503965
0.08981336400190537,0.8431221578768731,1.819916537743503,0.6941320109062991,0.9589407511622429,0.5257085286919202,4.30358677310473,2020-05-10,0.3340424289177866,0.10759183285420419,0.11985370807223514
0.08995110967461482,0.8725443156634806,1.8462596095120691,0.7214626912179051,0.9834789399587053,0.5273488954527082,4.404858773151315,2020-05-11,0.3357616680048905,0.10779627224437494,0.12014499580869988
0.09003658756074792,0.9019811734775693,1.8745057261495943,0.7492258284201732,1.0085343793964379,0.5286039420198374,4.508613414045126,2020-05-12,0.3374112731176033,0.10793893076166945,0.12035549087789676
0.09008201479207992,0.9312057361004646,1.9046577179439037,0.7773486301085994,1.0340250770942565,0.5295095788668632,4.614574311709649,2020-05-13,0.33897529683881317,0.10803034500149261,0.12049564238505413
0.09009837391823736,0.9599987542315492,1.9367158833038336,0.8057589670263484,1.059869234257747,0.5301043179008197,4.722473771977597,2020-05-14,0.3404421820956985,0.10808035211942024,0.1205758474458627
0.09009507800852337,0.9881531646953279,1.970677940870446,0.8343857540132893,1.0859857516242535,0.5304280024076836,4.832055571589084,2020-05-15,0.34180441224212504,0.10809785425824998,0.12060615338108714
0.0900798012305842,1.0154781537210642,2.006538985203925,0.8631593108495532,1.1122947205675016,0.5305207570679515,4.943077444209411,2020-05-16,0.34305816002376,0.10809066677796753,0.12059603274245481
0.09005846972314621,1.0418027345145773,2.044291446259781,0.8920116994291047,1.1387178945252643,0.5304221429721432,5.055313222201031,2020-05-17,0.3442029398892897,0.10806544566792642,0.12055422771011326
0.09003539035951673,1.0669787491072427,2.0839250528687643,0.9208770340073569,1.1651791361368875,0.5301705037802056,5.168554595645716,2020-05-18,0.3452412663463146,0.10802768804220408,0.12048865968135217
0.0900134814831964,1.0908832255846463,2.1254268004349157,0.9496917616262447,1.191604835762396,0.5298024895029815,5.282612461755045,2020-05-19,0.346178319792009,0.1079817979508335,0.12040639885322368
0.08999456158126827,1.113420044305045,2.1687809230649737,0.9783949102259115,1.2179242973980386,0.5293527439282368,5.397317849846685,2020-05-20,0.34702162039015333,0.10793120809820182,0.12031368741908935
0.08997964990738043,1.1345208896661196,2.2139688703402123,1.0069283023987374,1.2440700884010962,0.5288537406155862,5.512522419020455,2020-05-21,0.34778071003933475,0.1078785466402233,0.12021600879180795
0.08996923711501997,1.154145486477257,2.2609692889380537,1.03523673322267,1.2699783498844575,0.5283357508277511,5.628098537086759,2020-05-22,0.34846684221470026,0.10782583718454207,0.12011819416872
0.08996349311848172,1.172281141253987,2.3097580093063463,1.0632681111196747,1.2955890651337152,0.5278269249467851,5.74393895977237,2020-05-23,0.349092679410784,0.10777471953586588,0.12002455688104899
0.08996239230232857,1.1889416281100298,2.3603080375868206,1.0909735612139362,1.3208462839298787,0.5273534670435448,5.859956138413726,2020-05-24,0.34967199801851195,0.10772667864337127,0.11993904440864776
0.08996575127495098,1.2041654758676745,2.412589552976936,1.118307491205122,1.3456983012225452,0.5269398805162135,5.9760811919810966,2020-05-25,0.35021940069466495,0.10768326959620893,0.1198653977418729
0.08997318998926222,1.2180137271796363,2.4665699107103727,1.1452276203160756,1.3700977891839023,0.526609261261704,6.09226258518679,2020-05-26,0.35075003659233994,0.10764632731451886,0.11980730795467417
0.0899840416471922,1.2305672516470558,2.522213650826175,1.1716949724128987,1.394001882275507,0.52638361384565,6.208464558531617,2020-05-27,0.35127933018348323,0.10761815071419767,0.11976856040678105
0.0899972488304117,1.2419237030575818,2.5794825128847565,1.197673834919665,1.4173722155689485,0.5262841657255614,6.324665358449617,2020-05-28,0.35182271978915425,0.10760165249994912,0.11975315788894196
0.09001129129861171,1.2521942160012391,2.6383354567757555,1.2231316856514256,1.440174917169988,0.5263316548732466,6.4408553163123425,2020-05-29,0.3523954073102224,0.10760046729321744,0.11976541522265306
0.09002419356195092,1.2614999393907644,2.698728689748163,1.248039090158745,1.462380556194728,0.5265465672404062,6.557034824121275,2020-05-30,0.3530121209915514,0.10761901248416735,0.11981001928118722
0.09003365665537555,1.2699685040246655,2.7606156997769418,1.272369572607096,1.4839640483274208,0.5269493025049861,6.673212252476336,2020-05-31,0.35368689332891157,0.10766249799152305,0.11989205006963362
0.09003734798675225,1.2777305185377037,2.823947295363052,1.2960994635969698,1.504904521544153,0.5275602495013737,6.789401853130014,2020-06-01,0.3544328564145083,0.10773688302453846,0.12001696034865769
0.09003336580169974,1.2849161831568725,2.8886716518448297,1.3192077286588924,1.5251851451066456,0.5283997567268617,6.905621684415064,2020-06-02,0.35526205709297076,0.10784877998206399,0.1201905132697641
0.09002087152164667,1.2916521038997668,2.954734364278681,1.3416757814253923,1.5447929254081811,0.5294879883408485,7.0218915933654955,2020-06-03,0.35618529424929823,0.1080053078034622,0.1204186795623725
0.09000085547485097,1.2980583814868274,3.0220785069256735,1.3634872856842768,1.5637184726817943,0.5308446620799175,7.138231283723496,2020-06-04,0.3572119803659308,0.10821389938969557,0.1207074979143413
0.08997697147427118,1.304246039548099,3.0906446993581245,1.384627950650067,1.5819557429529978,0.5324886723605791,7.254658494493343,2020-06-05,0.3583500291685279,0.10848207008306222,0.12106290423597453
0.08995634600557964,1.3103148459345357,3.1603711791767597,1.4050853238504444,1.599501759929366,0.5344376092759041,7.371187309481516,2020-06-06,0.35960577073996874,0.10881715652039456,0.12149053738745831
0.08995024187202508,1.31635156932918,3.2311938813046424,1.4248485860099571,1.6163563217625807,0.5367071918308762,7.487826614510658,2020-06-07,0.3609838949391163,0.10922603729029993,0.12199553055408291
0.0899744383689301,1.3224287011274691,3.3030465237985216,1.443908352223811,1.6325216977907313,0.5393106410953536,7.604578715814236,2020-06-08,0.36248742334364037,0.10971484851998778,0.12258229863423645
0.0900491860506433,1.328603659953302,3.375860700092453,1.462256483551085,1.6480023204669525,0.5422580253788368,7.721438130548485,2020-06-09,0.3641177092781689,0.11028870856284592,0.12325433262981154
0.09019861067093016,1.3349184834428498,3.4495659775617957,1.4798859129212143,1.6628044777026942,0.5455556144000241,7.83839055837863,2020-06-10,0.36587446482842223,0.11095146614770285,0.12401401199287816
0.09044948471704227,1.3413999993170336,3.5240900022685997,1.4967904889435246,1.6769360107993714,0.5492052821249694,7.955412041630785,2020-06-11,0.36775581311572214,0.11170548554475854,0.12486244513301367
0.09082936026069624,1.3480604555446185,3.59935860972211,1.5129648408416223,1.6904060230109081,0.5532039979980257,8.072468320429778,2020-06-12,0.36975836354912717,0.11255148046858678,0.1257993468419333
0.09136416092751105,1.3548985778471492,3.675295941460583,1.5284042673084197,1.7032246035732306,0.5575434434250741,8.189514388408574,2020-06-13,0.3718773073126732,0.11348840567473681,0.12682295933891097
0.09207544985592926,1.3619010121913326,3.751824567232952,1.543104651600089,1.7154025717576542,0.5622097846107018,8.30649425380116,2020-06-14,0.3741065300030264,0.11451341174324475,0.12793002114618685
0.09297769835910472,1.3690441005200826,3.8288656125319056,1.5570624046666788,1.7269512451567808,0.5671836245368508,8.423340909832122,2020-06-15,0.37643873811958484,0.11562186471207998,0.12911578528525136
0.09407594291943933,1.3762959300333235,3.9063388912025827,1.5702744375615998,1.7378822359987771,0.5724401466288576,8.5399765171159,2020-06-16,0.37886559602615105,0.11680742840855983,0.13037408558279298
0.09536420701867125,1.383618590049343,3.9841630428250308,1.5827381637914744,1.7482072788142968,0.5779494513390863,8.656312799124978,2020-06-17,0.3813778700439852,0.1180622038970357,0.1316974474178874
0.0968249693312857,1.3909705660133014,4.062255674542284,1.5944515316717425,1.7579380922564491,0.5836770754552545,8.772251649555686,2020-06-18,0.3839655764861621,0.11937691771445387,0.1330772372166635
0.09842979912476223,1.3983091976674489,4.140533506981782,1.6054130861520526,1.7670862773054052,0.589584673370381,8.887685947546414,2020-06-19,0.38661813068374884,0.12074114868758296,0.13450384352966593
0.10014109475336276,1.4055931277878377,4.218912523893296,1.6156220589795263,1.7756632534835943,0.5956308306699575,9.00250057316213,2020-06-20,0.38932449436305133,0.1221435821739982,0.13596688165920623
0.10191469973917974,1.4127846691873829,4.297308125104111,1.6250784854876674,1.783680234073716,0.6017719738207067,9.116573611399087,2020-06-21,0.3920733190872879,0.1235722804832403,0.13745541351888782
0.10370306789362739,1.4198520207825795,4.375635282371206,1.6337833457443354,1.7911482406789687,0.607963335848027,9.22977772828329,2020-06-22,0.3948530838534508,0.12501495886572453,0.1389581746289398
0.10545861514167518,1.4267712682640747,4.4538086976900235,1.6417387272736348,1.7980781568027164,0.6141599367543511,9.341981697601167,2020-06-23,0.3976522253160303,0.12645925760701848,0.14046380076790888
0.10713692023205479,1.4335281110980358,4.531742963601339,1.648948006093085,1.8044808194626691,0.6203175389114948,9.45305205162412,2020-06-24,0.40045925947733313,0.12789300222432956,0.1419610476880867
0.10869949726342654,1.440119264988164,4.609352725021967,1.6554160423874231,1.8103671472026022,0.6263935414111451,9.562854824127156,2020-06-25,0.40326289402642096,0.12930444534052657,0.1434389983373983
0.11011593818410244,1.4465534973076353,4.686552842109988,1.6611493867818021,1.8157483022320084,0.6323477829069496,9.671257349342502,2020-06-26,0.4060521308163118,0.13068248535714402,0.14488725311012685
0.11136529858223525,1.4528522621334101,4.763258553663687,1.666156492886293,1.8206358838206251,0.638143229280564,9.778130076528015,2020-06-27,0.40881635823642837,0.13201685845705483,0.14629609969293778
0.11243666906630535,1.4590499111687196,4.839385640542804,1.6704479315660177,1.8250421495091498,0.6437465299452998,9.883348356864959,2020-06-28,0.4115454334619811,0.13329830168001341,0.14765666002756994
0.11332893726884465,1.4651934668398847,4.914850588593324,1.6740366022513506,1.8289802601785348,0.6491284342166612,9.986794157693883,2020-06-29,0.4142297547440176,0.13451868580910573,0.14896101274849222
0.11404980433748378,1.4713419540536146,4.9895707505515645,1.6769379365428956,1.8324645445556553,0.6542640664345284,10.088357658883782,2020-06-30,0.41686032404546347,0.13567111759059994,0.15020229016359907
0.11461417626847539,1.4775652973874869,5.063464506400436,1.6791700893881916,1.8355107783301008,0.6591330649983903,10.187938687569284,2020-07-01,0.4194288004326592,0.13675001141000867,0.15137474943494322
0.11504210324026798,1.4839428007753819,5.1364514216505235,1.6807541132110557,1.8381364727214793,0.6637195958529927,10.285447950679927,2020-07-02,0.4219275447032642,0.13775113099956324,0.15247381810029872
0.1153564841452195,1.490561236974163,5.20845240302075,1.6817141105590625,1.8403611670743825,0.6680122550203681,10.380808029627552,2020-07-03,0.42434965577405637,0.13867160209641746,0.15349611447582118
0.11558078062672314,1.497512584192308,5.279389850998346,1.6820773610967479,1.8422067198731342,0.6720038774178904,10.47395410812727,2020-07-04,0.42668899937125976,0.1395098972451861,0.15443944381789443
0.11573698596708136,1.5048914571444998,5.349187808765156,1.681874419107588,1.8436975924635366,0.6756912704476032,10.564834412224041,2020-07-05,0.42894022956579236,0.14026579417734633,0.15530277141987345
0.11584406234607116,1.5127922893538397,5.417772106987655,1.6811391780717524,1.8448611197467328,0.6790748908182362,10.653410350908333,2020-07-06,0.43109880368043263,0.14094030943127825,0.15608617409480108
0.11591699441268451,1.5213063325920761,5.485070503980417,1.6799088993511992,1.845727762170565,0.6821584819878823,10.739656355881412,2020-07-07,0.4331609910693321,0.14153560912286653,0.15679077176338974
0.1159665151139434,1.530518547706433,5.551012820768259,1.678224202532579,1.8463313334873963,0.6849486877809595,10.823559429654564,2020-07-08,0.435123876235561,0.14205489905080565,0.15741864113607323
0.11599945653050225,1.5405044684431421,5.615531070589913,1.6761290155419648,1.8467091989713051,0.6874546554584507,10.905118421776198,2020-07-09,0.4369853567125459,0.14250229663035183,0.15797271375380503
0.11601958383044227,1.5513271258980836,5.6785595824062405,1.6736704832444262,1.846902439090138,0.6896876391217839,10.984343063089035,2020-07-10,0.4387441360924317,0.1428826874934754,0.15845666093231037
0.11602870329408224,1.563034125511318,5.740035117998827,1.6708988338663544,1.8469559740046744,0.6916606120833654,11.061252797044055,2020-07-11,0.44039971254093035,0.14320156996226566,0.15887476843303058
0.11602780855232413,1.5756549706563643,5.799896982269032,1.6678672032179631,1.8469186447127814,0.6933878949398363,11.135875454785158,2020-07-12,0.4419523630953275,0.1434648909809219,0.15923180394856976
0.1160180464368171,1.5891987264401002,5.858087126375149,1.664631417337484,1.8468432471660856,0.6948848046481013,11.208245826569302,2020-07-13,0.4434031240016528,0.14367887745499083,0.15953288072579788
0.11600133959172663,1.603652113945407,5.914550243373822,1.6612497348162674,1.8467865162520163,0.6961673289329328,11.27840418578094,2020-07-14,0.4447537673094385,0.1438498672650555,0.15978332083633687
0.11598058462438492,1.618978118510518,5.969233856062818,1.6577825506842974,1.8468090571489109,0.6972518297705506,11.34639482311539,2020-07-15,0.44600677390908017,0.14398414446271549,0.1599885217209023
0.11595943568206767,1.6351151855528796,6.022088396754738,1.654292064329175,1.8469752222161642,0.6981547793435304,11.4122646473345,2020-07-16,0.44716530316814107,0.1440877832824291,0.16015382965962296
0.11594176693960992,1.6519770638658624,6.07306727874542,1.6508419144775062,1.8473529322683993,0.6988925315722093,11.476061905351221,2020-07-17,0.4482331592996297,0.14416650558163263,0.16028442373584367
0.11593096858808516,1.6694533393735185,6.122126959275821,1.6474967847776392,1.8480134417907754,0.6994811319222398,11.537835068415886,2020-07-18,0.4492147545779436,0.14422555612420673,0.16038521365089597
0.11592925873935579,1.6874106823476058,6.169226993823154,1.644321983978246,1.8490310483738164,0.6999361675381757,11.597631923108212,2020-07-19,0.4501150695070403,0.1442695997315238,0.160460754403277
0.11593718345865,1.7056948086001387,6.214330081594268,1.6413830050910538,1.8504827473703689,0.700272658798822,11.655498896049249,2020-07-20,0.45093961004101346,0.1443026437355157,0.1605151803669525
0.11595343146084235,1.7241331308865968,6.257402102132596,1.6387450682520717,1.8524478334943277,0.7005049921508255,11.71148063018485,2020-07-21,0.45169436195945994,0.14432798838979047,0.16055216069917286
0.1159750187110306,1.7425380515879276,6.298412142988781,1.6364726522488187,1.8550074517817297,0.7006468926510023,11.76561981867383,2020-07-22,0.45238574250946706,0.14434820695432252,0.1605748772956763
0.11599781663539567,1.7607108227187396,6.337332518444402,1.6346290198581104,1.8582441010097959,0.7007114331886003,11.81795729039302,2020-07-23,0.45302054944234543,0.14436515610722456,0.16058602571827663
0.11601732334122306,1.778445875560793,6.3741387793170645,1.6332757422368451,1.8622410933101181,0.7007110760439738,11.86853232941358,2020-07-24,0.4536059075962221,0.14438001620695506,0.16058783867955637
0.11602952558789907,1.7955355009018605,6.408809713914563,1.6324722276271078,1.8670819743099178,0.7006577414377703,11.917383200050097,2020-07-25,0.4541492132054372,0.14439335978752935,0.16058213082043607
0.11603168015523212,1.8117747430923354,6.441327340244518,1.6322752595756889,1.8728499086822894,0.7005628971522814,11.964547839734635,2020-07-26,0.45465807615326503,0.14440524557975942,0.1605703626978585
0.1160228593648899,1.8269663579359703,6.471676889623826,1.6327385497308273,1.8796270364761947,0.7004376632133544,12.010064674440784,2020-07-27,0.45514026042549816,0.14441533436564935,0.16055372114947894
0.11600415238766346,1.8409256766578697,6.499846781869917,1.633912310065854,1.8874938060231428,0.7002929259689965,12.053973506007864,2020-07-28,0.4556036230679431,0.14442302213808295,0.16053321255287262
0.11597848168281966,1.853485216466895,6.525828592292092,1.6358428490978647,1.8965282895753166,0.7001394565775186,12.096316417706415,2020-07-29,0.45605605199930327,0.1444275853832784,0.16050976497421374
0.11595006923225723,1.8644988828993205,6.5496170107362195,1.6385721963226174,1.9068054881148824,0.6999880297525172,12.137138643840053,2020-07-30,0.45650540308134924,0.14442833284767922,0.16048433482420063
0.11592365584480287,1.8738456202363,6.571209792969963,1.6421377586824344,1.9183966319837056,0.6998495394104475,12.176489351070227,2020-07-31,0.4569594368986547,0.14442475789667464,0.16045801341659588
0.1159036254953024,1.8814323835462698,6.590607704727562,1.6465720124291785,1.9313684841143246,0.699735108451482,12.21442228333263,2020-08-01,0.4574257557486951,0.1444166855114465,0.16043212876054247
0.11589320548151151,1.8871963287117919,6.6078144587637,1.651902233247364,1.945782652696279,0.6996561901417143,12.250996228437279,2020-08-02,0.45791174138784135,0.14440440808834804,0.16040833800869875
0.11589389758202144,1.891106144259885,6.622836645293804,1.658150266972005,1.961694920086503,0.6996246584042602,12.286275272362143,2020-08-03,0.4584244941174723,0.14438880448295868,0.16038870622276333
0.11590524778956865,1.8931624797729207,6.635683656224657,1.665332342681746,1.979154594670058,0.6996528837966316,12.320328816450441,2020-08-04,0.4589707738250962,0.14437143716341758,0.1603757674982439
0.11592499214301114,1.8933974587660596,6.646367603602518,1.6734589293788389,1.9982038922002696,0.699753791166186,12.353231342741081,2020-08-05,0.45955694361562444,0.14435462289111212,0.1603725650024407
0.11594953870466382,1.8918732977041766,6.654903232727296,1.6825346368936829,2.0188773528977886,0.6999408941104838,12.38506192301981,2020-08-06,0.4601889166764838,0.14434147302771175,0.1603826671161929
0.11597467785765835,1.8886800857785562,6.661307830400275,1.692558161083038,2.0412013002719673,0.7002283006267819,12.415903477393858,2020-08-07,0.46087210701497533,0.1443359003761603,0.1604101576235062
0.11599636971391798,1.8839328106896644,6.665601128788211,1.7035222728359964,2.0651933472478343,0.7006306839157111,12.445841797820195,2020-08-08,0.46161138468642515,0.14434259040740988,0.1604595987555764
0.11601144775685676,1.8777677426219586,6.667805205400421,1.715413849869436,2.090861954745879,0.7011632123622424,12.47496436065422,2020-08-09,0.4624110360964302,0.14436693581195462,0.16053596685672678
0.11601810363977975,1.8703383106742966,6.667944379685298,1.7282139497948938,2.1182060473742395,0.7018414333478117,12.503358959604629,2020-08-10,0.4632747299100542,0.14441493455047094,0.1606445614832909
0.11601607367186735,1.8618106222992248,6.666045106760075,1.741897922476335,2.1472146903616904,0.7026811067607627,12.53111219623096,2020-08-11,0.46420548903523684,0.14449305295514855,0.16079088984863235
0.11600652142832554,1.852358786177115,6.662135868792314,1.7564355592827412,2.1778668312912735,0.7036979858142581,12.558307869147296,2020-08-12,0.4652056690691221,0.14460805692893247,0.16098052965313564
0.11599168799957595,1.8421602021001724,6.6562470645525105,1.7717912764752461,2.210131109597252,0.7049075449305022,12.585025305328982,2020-08-13,0.4662769435049043,0.1447668158577687,0.16121897444094532
0.11597444546886827,1.8313909778936956,6.648410897655861,1.7879243296608118,2.243965736167819,0.7063246568674844,12.611337677389052,2020-08-14,0.4674202958971996,0.14497608541679557,0.1615114666457351
0.11595792572291758,1.8202216235043398,6.638661264006612,1.8047890559968314,2.2793184447636587,0.7079632238020096,12.637310349499955,2020-08-15,0.46863601907702584,0.14524227691532166,0.16186282435841162
0.11594539544191607,1.808813156777953,6.627033638950679,1.8223351406467772,2.3161265163208973,0.7098357696212929,12.662999291966191,2020-08-16,0.4699237213974599,0.14557122206431025,0.16227726849776827
0.11594050560399766,1.797313735020357,6.613564964632063,1.8405079038667307,2.3543168765693308,0.7119530031338579,12.688449600539773,2020-08-17,0.47128233988072826,0.14596794293279255,0.16275825742236405
0.11594796467841495,1.785855902262879,6.598293538035107,1.8592486050468893,2.3938062667646918,0.7143233642471517,12.713694151688625,2020-08-18,0.47271016003027133,0.1464364372597648,0.1633083360315248
0.11597458119041801,1.7745545154462392,6.581258900178803,1.8784947600407178,2.4345014867179153,0.7169525673550912,12.738752419477304,2020-08-19,0.47420484196989143,0.1469794891068318,0.1639290060318795
0.11603051137600208,1.7635053847560789,6.562501726910913,1.8981804681839303,2.476299708709272,0.7198431582134002,12.763629473803935,2020-08-20,0.47576345248013246,0.14759851402126453,0.1646206232882421
0.11613045138942465,1.7527846353446612,6.542063721728496,1.9182367455343892,2.5190888603065695,0.7229941024021256,12.788315173746852,2020-08-21,0.4773825024206874,0.14829344643788214,0.1653823270640994
0.11629445049881111,1.7424487708375052,6.519987511028086,1.9385918610469153,2.562748073570786,0.7264004249713014,12.812783563977018,2020-08-22,0.4790579889597573,0.1490626750590538,0.16621200455172472
0.11654800884597863,1.732535394403258,6.496316542163541,1.9591716726301973,2.6071481976323305,0.7300529218565707,12.83699247681376,2020-08-23,0.48078544197752815,0.14990302955674864,0.16710629248941142
0.11692117381957563,1.7230645216404517,6.471094984661766,1.9798999603094356,2.6521523711614456,0.7339379638951717,12.860883337721996,2020-08-24,0.4825599739718761,0.15080981933028467,0.16806061597550212
0.11744647016214606,1.7140404017828035,6.444367634917317,2.000698754032804,2.6976166508403487,0.7380374134865795,12.88438116799935,2020-08-25,0.48437633277077846,0.1517769224423698,0.16906926293755742
0.11815568720153785,1.70545375020177,6.4161798246562824,2.021488654004714,2.743390691573782,0.7423286718641053,12.907394775153302,2020-08-26,0.4862289563461382,0.15279692045551108,0.17012549121220155
0.11907578086881634,1.6972842861228175,6.386577333427082,2.042189141796345,2.7893184738509076,0.7467848713697967,12.929817119047396,2020-08-27,0.4881120290279197,0.15386127287787404,0.17122166393072788
0.12022438416760313,1.689503464887744,6.355606305342771,2.062718880868092,2.835239073396628,0.751375221981717,12.951525840272861,2020-08-28,0.4900195384336599,0.15496052342699002,0.1723494079531135
0.12160559411886093,1.6820772938106987,6.323313170264978,2.0829960055289733,2.8809874680228913,0.75606551471223,12.972383936315758,2020-08-29,0.49194533245521277,0.15608452939349704,0.1734997894800395
0.12320675211811784,1.6749691243471472,6.289744569584238,2.1029383977494382,2.926395376411276,0.7608187766470703,12.992240570838042,2020-08-30,0.49388317568020124,0.15722270503206145,0.17466350070064338
0.12499682319716783,1.6681423204471355,6.2549472867164315,2.122463951627604,2.971292123425536,0.7655960637666697,13.010932001656894,2020-08-31,0.49582680466848267,0.1583642700682761,0.17583105137306712
0.1269267257278069,1.6615627130299822,6.218968182398739,2.141490825676724,3.0155055264653265,0.7703573688621538,13.028282613656838,2020-09-01,0.4977699815517084,0.15949849499578786,0.17699295954014196
0.12893163701657673,1.6552007628743013,6.181854134833167,2.159937683448188,3.058862797327932,0.7750626134872846,13.044106043770576,2020-09-02,0.49970654547560295,0.1606149357353464,0.17813993609221354
0.13093499586955387,1.64903336822651,6.143651984689887,2.177723923322136,3.101191454040496,0.7796726856531414,13.05820638619142,2020-09-03,0.5016304614582474,0.16170365132245634,0.17926305854124014
0.13285371648079292,1.6430452684684496,6.104408484947991,2.1947698985810127,3.1423202371595593,0.7841504795067753,13.07037946702038,2020-09-04,0.5035358662915178,0.16275539948003612,0.1803539301048185
0.13460404863000353,1.6372300106687026,6.064170255516702,2.2109971291251544,3.182080025102651,0.7884618900577394,13.080414178518286,2020-09-05,0.505417111166782,0.1637618061313747,0.18140482096411645
0.13610754951846069,1.6315904612539947,6.022983742546975,2.226328506390015,3.2203047431767438,0.7925767155128582,13.088093863958406,2020-09-06,0.5072688007581335,0.16471550605643195,0.18240878931566748
0.1372967276549933,1.6261388599328201,5.980895182311477,2.2406884931767386,3.2568322610958464,0.796469422151327,13.093197744725241,2020-09-07,0.5090858285466691,0.16561025295005433,0.18335978055372096
0.13812003121507363,1.620896427022957,5.937950569500153,2.254003320210985,3.2915052739329997,0.8001197319434424,13.095502381766114,2020-09-08,0.5108634082171928,0.16644099808547372,0.1842527035799301
0.13854594745114815,1.6158925481981519,5.894195629749625,2.266201181295687,3.3241721616254067,0.8035130011298607,13.094783163788158,2020-09-09,0.5125971010034686,0.16720393761404573,0.18508348383142034
0.13856603855080885,1.611163572175547,5.849675796197683,2.2772124289219855,3.3546878223436094,0.806640368386353,13.0908158147376,2020-09-10,0.5142828389002909,0.1678965292494008,0.18584909314478668
0.13819675966726083,1.6067512668792943,5.804436189828917,2.2869697721487032,3.3829144752429245,0.8094986635054106,13.083377913148148,2020-09-11,0.5159169436995776,0.16851747970064226,0.18654755703593634
0.13747989347286296,1.6027009880578007,5.75852160335452,2.2954084784556925,3.4087224283353144,0.8120900810586246,13.07225041595635,2020-09-12,0.5174961418442297,0.16906670475003105,0.18717794037917634
0.13648140727885075,1.599059621164534,5.71197648834889,2.3024665811216303,3.431990807449114,0.8144216374666576,13.057219179412913,2020-09-13,0.5190175751270054,0.16954526432654046,0.1877403128220362
0.13528851762357227,1.5958733625262216,5.664844945347573,2.308085093475852,3.4526082424819466,0.8165044433874785,13.038076469821306,2020-09-14,0.520478807293311,0.16995527532002846,0.18823569557985406
0.13400476942268316,1.5931854094251625,5.6171707165954015,2.312208231129392,3.4704735073954724,0.8183528353571399,13.01462245705305,2020-09-15,0.5218778266360025,0.17029980521561489,0.1886659915240773
0.132743049614914,1.5910336307297244,5.5689971811212615,2.3147836430074302,3.4854961106486604,0.8199834202030396,12.986666684147135,2020-09-16,0.523213044698047,0.17058274990808237,0.18903390071226686
0.13161670488904267,1.589448290134347,5.520367351805584,2.3157626516879035,3.497596833017874,0.8214140919885028,12.954029506808972,2020-09-17,0.5244832912250125,0.170808699278914,0.18934282370864336
0.13072933434810097,1.5884498929315218,5.471323874099895,2.315100503205746,3.5067082100056464,0.8226630834067833,12.916543497268457,2020-09-18,0.5256878055340837,0.170982794278217,0.18959675521084352
0.1301643213954597,1.588047224544937,5.421909026053308,2.3127566261136074,3.512774956297226,0.8237481111616685,12.874054807705644,2020-09-19,0.5268262244903901,0.17111057934300708,0.18980017062746277
0.12997559415488164,1.5882356448185453,5.372164719299743,2.308694899205114,3.5157543299814202,0.8246856678605305,12.826424489252247,2020-09-20,0.5278985673037802,0.17119785399154622,0.1899579083392775
0.13018123424028843,1.5889956963026286,5.322132500661091,2.302883926912236,3.5156164345139835,0.8254905016261398,12.773529763366225,2020-09-21,0.5289052173817131,0.171250527353466,0.19007505041704054
0.13076121666866103,1.5902920775417975,5.271853554026254,2.295297320990108,3.512344456664577,0.8261753097835229,12.715265243074187,2020-09-22,0.5298469014945623,0.17127447921766312,0.19015680455589973
0.1316597817346114,1.5920730237151863,5.221368702173358,2.285913986708417,3.5059348389560294,0.8267506557530968,12.651544102108648,2020-09-23,0.5307246665299096,0.1712754309033485,0.1902083899144441
0.1327919726626679,1.594270127003043,5.170718408212518,2.2747184113841477,3.496397385374878,0.827225100142228,12.582299190255895,2020-09-24,0.5315398541315388,0.171258828883852,0.1902349294105459
0.1340530884996018,1.5967986178983267,5.11994277633951,2.261700952722923,3.4837552994089958,0.8276055195796979,12.50748409320956,2020-09-25,0.5322940735363697,0.17122974362593993,0.1902413508251208
0.13532945954697612,1.5995581165375272,5.069081551606173,2.2468581240924457,3.4680451537491375,0.8278975716483449,12.42707413485305,2020-09-26,0.5329891729389861,0.171192785561552,0.19023229879849815
0.1365090748420574,1.6024338502372864,5.0181741184313005,2.230192873535695,3.449316791281082,0.8281062527337165,12.341067319135774,2020-09-27,0.5336272097275074,0.17115203950819485,0.19021205947618292
0.13749100448122917,1.6052983200914495,4.967259497596091,2.2117148530523387,3.4276331572896477,0.8282364887426148,12.249485207576093,2020-09-28,0.5342104199467552,0.17111101821653502,0.19018449918076072
0.13819303725482213,1.6080133860575336,4.916376341490581,2.191440674436519,3.4030700631017945,0.8282936970673858,12.152373726940024,2020-09-29,0.5347411873540413,0.17107263508490006,0.19015301806281387
0.1385573342115084,1.6104327268357648,4.865562927402181,2.1693941477639567,3.37571588170728,0.8282842619832556,12.049803899876284,2020-09-30,0.5352220124391964,0.17103919546604907,0.19012051923383697
0.13855411977779175,1.6124046184438499,4.814857148663232,2.1456064984760896,3.345671176218417,0.828215874516528,11.941872489320946,2020-10-01,0.5356554817836019,0.17101240542981946,0.19008939342163755
0.13818350655480538,1.6137749641584491,4.764296503502755,2.120116558914729,3.3130482623591817,0.8280977009218555,11.828702545432819,2020-10-02,0.5360442381316762,0.1709933963654235,0.19006151873439908
0.1374755236109944,1.614390498872193,4.713918081476233,2.0929709301233244,3.2779707065141475,0.8279403601297807,11.710443841819439,2020-10-03,0.5363909515436249,0.17098276342321705,0.19003827468827056
0.13648834246601912,1.6141020833219861,4.663758547378204,2.0642241097502305,3.240572761211925,0.8277557084911555,11.58727318600135,2020-10-04,0.5366982919879248,0.17098061552401025,0.1900205692649348
0.13530461897242427,1.612767998458392,4.613854122572742,2.0339385819678664,3.2009987402720768,0.8275564483232201,11.459394587592902,2020-10-05,0.5369689037181636,0.17098663450656332,0.19000887743037098
0.1340258424456554,1.6102571477601453,4.564240563709567,2.0021848654600314,3.159402336199719,0.8273555935839879,11.327039266690756,2020-10-06,0.5372053817590593,0.17100014093667,0.19000328927825152
0.13276465872831406,1.6064520757823257,4.514953138824932,1.969041515727305,3.115945882773886,0.8271658399766268,11.190465484579363,2020-10-07,0.5374102508021648,0.17102016415487797,0.19000356576444938
0.1316353594226415,1.601251714791635,4.466026600859303,1.934595078217333,3.0707995661355216,0.8269988966079224,11.049958179199523,2020-10-08,0.537585946782583,0.17104551427571524,0.19000919987781864
0.13074311993209425,1.594573778002423,4.4174951586554645,1.898939989100565,3.0241405880404253,0.8268648410166215,10.905828388944716,2020-10-09,0.537734801373643,0.17107485405089418,0.19001948104395003
0.1301730624262515,1.5863567275771928,4.369392445532648,1.8621784208813283,2.9761522852962594,0.8267715583866249,10.758412450293598,2020-10-10,0.537859029598179,0.17110676874950284,0.1900335605786207
0.1299806502673816,1.5765612579622164,4.321751485563404,1.8244200704550786,2.9270232097485716,0.8267243190281802,10.608070957553746,2020-10-11,0.5379607207119526,0.17113983246856368,0.19005051608873152
0.13018505330389799,1.5651712499390154,4.274604657709518,1.7857818876927203,2.8769461735150372,0.8267255362612288,10.4551874765268,2020-10-12,0.538041832469,0.1711726695479446,0.1900694128511398
0.13076677830035466,1.5521941675157598,4.2279836580027625,1.7463877431466641,2.82611726448593,0.8267747307222613,10.300167008137201,2020-10-13,0.5381041888289567,0.17120401000995442,0.19008936037539945
0.13167005733160575,1.5376608878921354,4.1819194599832485,1.7063680340272265,2.774734837408277,0.8268687083437412,10.143434202855948,2020-10-14,0.5381494811154136,0.17123273816239085,0.19010956256411352
0.13280949699631384,1.5216249735576333,4.136442273634248,1.6658592281854103,2.722998486147326,0.8270019396192183,9.985431331949032,2020-10-15,0.5381792725809836,0.1712579336908944,0.1901293601173491
0.13407969208507842,1.5041614144231683,4.091581503075899,1.6250033464546547,2.6711080029680163,0.8271671091741373,9.826616027000092,2020-10-16,0.5381950062817354,0.17127890471711316,0.1901482640777046
0.13536616527891843,1.4853648860083588,4.047365703302384,1.5839473843417688,2.6192623308973904,0.8273557888908893,9.667458804592068,2020-10-17,0.5381980161098331,0.17129521241950765,0.19016597967431081
0.13655612962347133,1.4653475863813283,4.003822536266382,1.5428426747117039,2.5676585154112375,0.8275591763803218,9.508440398281222,2020-10-18,0.5381895407813652,0.17130668690639167,0.1901824198957127
0.13754800165438621,1.4442367290797282,3.960978726631607,1.5018441937721485,2.516490661832723,0.8277688344739254,9.350048924837616,2020-10-19,0.5381707405257617,0.17131343410927216,0.19019770849849008
0.13825908580756618,1.4221717809981065,3.918860017528756,1.4611098133278702,2.465948904933443,0.827977367137339,9.192776915969915,2020-10-20,0.5381427161760731,0.17131583353649368,0.19021217244118496
0.13863123964095386,1.3993015426701814,3.87749112666176,1.4207995029322924,2.416218397283717,0.8281789727245988,9.03711825021816,2020-10-21,0.5381065303148477,0.17131452680590525,0.19022632402055004
0.13863455313156486,1.3757811730856546,3.8368957031198074,1.381074486207497,2.367478322909067,0.8283698262522673,8.883565022232595,2020-10-22,0.5380632300910662,0.17131039697403685,0.19024083327806507
0.1382691486831388,1.3517692618831643,3.7970962852563823,1.3420963562270658,2.3199009427684336,0.8285482573935027,8.732604388161624,2020-10-23,0.5380138712881497,0.17130453880542248,0.1902564915375696
0.13756517939566085,1.3274250483354322,3.7581142599993727,1.3040261554510137,2.273650678478167,0.828714708872768,8.5847154262599,2020-10-24,0.5379595431938234,0.17129822029124378,0.19027416722625684
0.1365810245436294,1.3029058790408878,3.719969823955459,1.2670234262609972,2.228883240559132,0.8288714793734105,8.440366051092667,2020-10-25,0.5379013937987036,0.1712928359331123,0.19029475541690627
0.13539960275087584,1.2783649848829064,3.6826819466687146,1.2312452386606478,2.18574480728644,0.8290222743328202,8.300010017869523,2020-10-26,0.5378406548326774,0.17128985255941237,0.19031912280155228
0.1341226947708638,1.2539496430089625,3.6462683363863584,1.1968452021728224,2.1443712599669533,0.8291716054737548,8.164084050564854,2020-10-27,0.537778666137578,0.17129074873371192,0.19034805005605618
0.13286324218232426,1.2297997718732543,3.61074540867479,1.1639724693762985,2.1048874801650785,0.829324094113633,8.033005123690502,2020-10-28,0.5377168988697815,0.17129694913982635,0.19038217377246938
0.13173581368816445,1.2060469874759754,3.5761282582159177,1.1327707388743267,2.0674067140384094,0.8294837429195044,7.907167923045849,2020-10-29,0.5376569770294661,0.17130975567243167,0.1904219303071858
0.13084582161834588,1.182814127635105,3.542430634098053,1.10337726576843,2.03203000853671,0.8296532448982277,7.786942505650825,2020-10-30,0.5376006968226953,0.17133027731017364,0.1904675040066379
0.130278565637485,1.160215229344658,3.5096649188963673,1.0759218879213224,1.9988457237623571,0.8298333965505065,7.672672173617857,2020-10-31,0.537550043379499,0.17135936117599554,0.19051878231625505
0.1300896119370806,1.1383559229569986,3.4778421118164244,1.050526076424931,1.9679291252891404,0.8300226743001453,7.564671571147585,2020-11-01,0.53750720437536,0.17139752747673248,0.19057532024260743
0.13029814923687305,1.1173341870362048,3.4469718161499827,1.0273020187435302,1.939342059696042,0.8302170201437639,7.463225008391961,2020-11-02,0.5374745801348395,0.17144491123262412,0.19063631651420457
0.13088461693322279,1.0972413901902631,3.4170622312650454,1.006351742971364,1.913132715992707,0.8304098650878281,7.368585010860439,2020-11-03,0.5374547898351293,0.17150121383673864,0.19070060357116989
0.1317930976723024,1.0781635318499596,3.38812014932352,0.9877662915301589,1.8893354750049483,0.8305923989010715,7.280971088544195,2020-11-04,0.5374506734730907,0.17156566750084806,0.19076665320555514
0.13293797509065192,1.060182583550545,3.3601509568879524,0.9716249524313492,1.867970848149275,0.8307540738731339,7.2005687152278055,2020-11-05,0.5374652893127279,0.17163701553449856,0.1908325992792489
0.13421355757876627,1.043377826359838,3.333158641546132,0.9579945559412507,1.8490455063686713,0.8308833105130852,7.1275285056688835,2020-11-06,0.5375019065906396,0.17171351115577993,0.1908962784720172
0.13550502737197698,1.0278270790634791,3.307145803647399,0.9469288441163085,1.832552399325236,0.8309683562375962,7.061965576589084,2020-11-07,0.5375639933231028,0.17179293714596683,0.19095528947159793
0.13669921075268926,1.013607715733056,3.282113673208252,0.938467920219263,1.8184709642635233,0.8309982355022584,7.003959076783962,2020-11-08,0.5376551991330745,0.1718726481393419,0.191007070426083
0.13769409775762134,1.0007973803008592,3.258062132007503,0.9326377844919862,1.8067674232693058,0.83096372251184,6.9535518721306975,2020-11-09,0.5377793330930473,0.17194963669803365,0.19104899385111498
0.1384065337351618,0.9894743194517404,3.2349897408535453,0.9294499621458207,1.7973951669657897,0.8308582660533664,6.9107503728079696,2020-11-10,0.5379403366651253,0.1720206235781114,0.19107847753945484
0.1387778947634074,0.9797172729934489,3.212893771966781,0.9289012287447898,1.79029522201382,0.8306788000623443,6.875524492522649,2020-11-11,0.5381422519065582,0.172082171769366,0.19109310937184854
0.1387777830896134,0.9716048821520761,3.1917702463822937,0.9309734374028007,1.7853967991249502,0.8304263827326194,6.847807732823271,2020-11-12,0.5383891852007155,0.17213082301220903,0.1910907832913141
0.13840585223092253,0.965214600049725,3.1716139762381137,0.935633451400322,1.7826179176593744,0.8301066204162936,6.827497389458187,2020-11-13,0.5386852668649177,0.17216325458339937,0.19106984308858999
0.13769184198282322,0.9606211139095456,3.1524186117764,0.942833184958164,1.781866102272982,0.8297298490747482,6.814454881974745,2020-11-14,0.5390346070784636,0.17217645321932828,0.19102923006438924
0.1366938239114621,0.9578943141596126,3.1341766928467827,0.9525097539902593,1.7830391465046649,0.829311064314619,6.808506212105626,2020-11-15,0.5394412486631706,0.17216790212759406,0.19096863009368056
0.13549457708080614,0.9570968703953451,3.1168797046641776,0.9645857377053673,1.7860259376595644,0.8288696096723049,6.809442560664735,2020-11-16,0.5399091173328355,0.1721357761380993,0.19088861512521327
0.13419598097247595,0.9582814969484887,3.1005181375375335,0.9789695509466319,1.7907073368570252,0.8284286503951276,6.817021036423513,2020-11-17,0.5404419701057469,0.1720791391730976,0.1907907737192268
0.13291138081464696,0.9614880105141091,3.085081550252294,0.9955559261593627,1.7969571076701552,0.8280144751686247,6.830965593503108,2020-11-18,0.5410433426415395,0.17199813738229763,0.19067782487099716
0.13175609898785434,0.9667402979430311,3.070558636756326,1.0142265028702309,1.8046428863996682,0.8276556798469245,6.850968135966126,2020-11-19,0.5417164963199133,0.17189418050575378,0.1905537091117971
0.1308366524093022,0.9740433231289181,3.0569372957692376,1.0348505215556933,1.813627186695578,0.8273822942729221,6.876689829361083,2020-11-20,0.5424643659195657,0.17177010331565268,0.19042365075234222
0.1302397323147281,0.983380307329695,3.0442047029072725,1.0572856177849537,1.8237684309725002,0.8272249150310131,6.907762638799026,2020-11-21,0.5432895087814233,0.17163029838265043,0.1902941851808421
0.13002244670786264,0.9947102169277111,3.0323473848900555,1.0813787115553875,1.8349220008599219,0.8272139031710164,6.943791111669396,2020-11-22,0.5441940563463893,0.17148081096673679,0.19017314539995075
0.13020548068237905,1.007965686472731,3.0213512953732575,1.1069669858032134,1.8469412987880747,0.8273786967608141,6.984354420307296,2020-11-23,0.5451796689460734,0.1713293866247295,0.19006960254931649
0.13077050696229695,1.023051493051475,3.011201891932143,1.1338789471821646,1.8596788127374693,0.827747274257879,7.029008675845844,2020-11-24,0.5462474946920156,0.17118546226198023,0.18999375607620578
0.13166238876416825,1.0398436810243386,3.0018842137038804,1.1619355613694409,1.8729871761721408,0.8283457873379487,7.077289519239614,2020-11-25,0.5473981332565172,0.1710600919635146,0.18995677055247784
0.1327957212675906,1.0581894146381052,2.993382959184029,1.190951454387356,1.8867202152371794,0.8291983626034755,7.1287149891977855,2020-11-26,0.5486316052665144,0.17096580016846272,0.18997055793479953
0.13406444050778027,1.077907610837199,2.9856825636632878,1.2207361707326954,1.900733975426919,0.830327052408119,7.182788659718112,2020-11-27,0.5499473279418472,0.17091635674732175,0.19004750634304005
0.13535286765787868,1.098790376798421,2.978767275784462,1.25109547849172,1.914887720120634,0.8317518978639019,7.239003032350496,2020-11-28,0.5513440975038719,0.17092647142683273,0.19020015915494926
0.13654668273724296,1.120605247459715,2.9726212326975165,1.2818327110940373,1.9290448936366922,0.8334910537861493,7.296843160496037,2020-11-29,0.552820078761516,0.17101140883867452,0.1904408512831614
0.13754275601097626,1.1430981888257612,2.967228533292661,1.3127501349296957,1.9430740417695391,0.8355609173788494,7.355790475315627,2020-11-30,0.5543728021534082,0.1711865301966957,0.19078131274058216
0.13825726891198659,1.1659973043429988,2.9625733089962742,1.3436503317283754,1.9568496831461444,0.8379762008524771,7.4153267754431615,2020-12-01,0.5559991683899577,0.1714667730341933,0.19123225276063496
0.13863195652288052,1.1890171553319473,2.958639791624166,1.3743375843781636,1.9702531251632127,0.8407498932356102,7.474938336030678,2020-12-02,0.5576954607017768,0.1718660861861619,0.19180294050972202
0.13863853241420432,1.2118635834340776,2.9554123777997203,1.404619254752276,1.983173218742117,0.8438930680713513,7.534120086924114,2020-12-03,0.5594573645654702,0.17239684272532887,0.1925008004716279
0.13828142266800333,1.2342389042191695,2.9528756894609933,1.434307142112727,1.9955070466596112,0.847414510469766,7.592379805274879,2020-12-04,0.5612799946467505,0.17306925818411062,0.19333104157526623
0.13759888060207764,1.2558473272652122,2.9510146300016458,1.463218810773834,2.0071605407729476,0.8513201575831313,7.649242264798952,2020-12-05,0.5631579285793699,0.17389084438261002,0.19429633883489003
0.1366624226280911,1.276400449703327,2.9498144356143876,1.4911788759356983,2.0180490240562725,0.8556123689738098,7.704253282362114,2020-12-06,0.5650852470872894,0.17486592991291186,0.19539658455773354
0.1355743629052364,1.2956226677117728,2.9492607214334168,1.5180202369321822,2.0280976739912933,0.8602890653368438,7.756983602685692,2020-12-07,0.5670555798614695,0.1759952763952423,0.19662872309950388
0.1344630834516999,1.3132563537840156,2.9493395221023357,1.543585247582773,2.037241904508193,0.8653427933621961,7.807032563728047,2020-12-08,0.5690621565219539,0.17727581497718878,0.19798667894139205
0.13347563582785898,1.329066656572158,2.950037326429219,1.5677268138833234,2.0454276643425566,0.8707597891328256,7.854031488680552,2020-12-09,0.5710978619318348,0.17870052055612184,0.19946138290374357
0.1327674375050559,1.3428457942562047,2.9513411058256227,1.590309409912783,2.052611650357706,0.8765191207617679,7.89764675537113,2020-12-10,0.5731552950840116,0.1802584326063052,0.20104089607983414
0.13248930190009264,1.3544167310295578,2.953238336267063,1.611210003568334,2.05876143507329,0.8825919920380144,7.937582500043029,2020-12-11,0.5752268307521331,0.18193482227867178,0.20271062606882362
0.1327728327223407,1.3636361485498165,2.9557170135537434,1.6303188845544394,2.063855508330862,0.8889412825119469,7.973582919732096,2020-12-12,0.577304683085128,0.18371149667376513,0.20445362575633474
0.1337161213456348,1.3703966490626691,2.958765661694035,1.6475403879434807,2.067883233715381,0.895521386376027,8.005434145508515,2020-12-13,0.5793809703283966,0.18556722379991056,0.2062509615597031
0.13537228090243864,1.3746281532501348,2.962373334280144,1.6627935075757165,2.0708447210259147,0.9022783940670167,8.032965667417143,2020-12-14,0.5814477798709901,0.18747825636256465,0.20808213589373298
0.13774316462883923,1.3762984825271893,2.9665296087710935,1.676012394575908,2.072750616749595,0.9091506386700183,8.056051300683345,2020-12-15,0.5834972328496597,0.189418929470534,0.20992554763547883
0.14077950409770262,1.3754131413717299,2.971224573648703,1.6871467373096058,2.073621815129409,0.916069606127692,8.074609691363221,2020-12-16,0.585521547579236,0.19136230650971367,0.21175897445081873
0.14438706959687964,1.3720143392555655,2.9764488084606535,1.696162020185706,2.073489093027077,0.9229611861020407,8.088604367799334,2020-12-17,0.5875131011289365,0.19328084846785648,0.21356006177478737
0.1484370468903263,1.3661793129046276,2.9821933568152237,1.7030396598053605,2.0723926723610395,0.9297472209340015,8.098043351719191,2020-12-18,0.589464488419084,0.1951470843748192,0.21530680475352096
0.15277821981282985,1.358018027188581,2.9884496924431474,1.7077770180696745,2.0703817144407415,0.9363472948075342,8.102978349382854,2020-12-19,0.5913685782740375,0.19693426368166297,0.21697801129893413
0.15724880939952307,1.3476703463568929,2.995209678491852,1.7103872929520618,2.0675137510194825,0.942680694649427,8.103503548653231,2020-12-20,0.5932185659302042,0.19861697483145058,0.21855373635032693
0.1616865858622029,1.3353027762765677,3.002465520268362,1.7108992887320573,2.063854057343591,0.9486684685786902,8.099754052143464,2020-12-21,0.595008021564591,0.20017171756304972,0.22001567930533666
0.16593669323498444,1.3211048826953375,3.0102097116948157,1.7093570685371082,2.059474972884005,0.9542355064491587,8.091903979640696,2020-12-22,0.5967309344752635,0.20157741937678175,0.22134753826057543
0.1698572311122363,1.3052854905141562,3.0184349757907865,1.7058194930600157,2.054455175791626,0.9593125694449677,8.080164274833173,2020-12-23,0.5983817526112989,0.20281588892691302,0.22253531612740146
0.1733229587265323,1.2880687649780416,3.0271341995412464,1.7003596502812257,2.0488789174212427,0.9638382008587668,8.064780252083729,2020-12-24,0.59995541721458,0.2038722008623854,0.22356757484699272
0.17622758549955034,1.2696902681575981,3.0363003635556827,1.6930641819370065,2.0428352235149054,0.9677604571438311,8.046028918707927,2020-12-25,0.6014473923992277,0.20473500784622506,0.22443563483969853
0.17848508338159536,1.2503930738170848,3.0459264669657613,1.6840325133079523,2.0364170688243397,0.9710384062380379,8.024216107130167,2020-12-26,0.602853689554194,0.20539677624304348,0.22513371753222763
0.18003037515137574,1.2304240115650733,3.056005448049999,1.6733759936672383,2.029720532083661,0.9736433483538737,7.9996734496080135,2020-12-27,0.6041708865136022,0.2058539423815949,0.22565902936696444
0.18081966356407436,1.2100300979332397,3.0665301011115993,1.6612169554053762,2.0228439383138332,0.9755597224754075,7.972755226142992,2020-12-28,0.6053961414941177,0.20610698651304105,0.22601178618145057
0.1808305880954157,1.1894551985732151,3.07749299017057,1.6476877004365518,2.0158869954537124,0.9767856695251085,7.943835113966061,2020-12-29,0.6065272018512194,0.2061604217286779,0.22619517731420258
0.1800623334008973,1.1689369528956537,3.0888863600634586,1.6329294229894757,2.0089499322663316,0.977333230579391,7.913302864793424,2020-12-30,0.607562407754566,0.20602269531551332,0.22621526931739214
0.17853576354521894,1.1487039808675141,3.100702045571521,1.61709107828056,2.0021326443645258,0.9772281658430334,7.881560934048185,2020-12-31,0.6085006909306164,0.20570600046169907,0.22608084979710602
0.176293612463499,1.1289733818570977,3.1129313792238795,1.6003282068706384,1.9955338550417936,0.9765093876810537,7.8490210845882045,2021-01-01,0.6093415686612867,0.20522599701942876,0.22580321271539894
0.173400716401328,1.1099485277149168,3.125565098442762,1.5828017247009192,1.9892502973788058,0.9752280092746967,7.8161009862324,2021-01-02,0.6100851332697931,0.20460144134378533,0.22539588752080053
0.16994421945225438,1.0918171468513411,3.138593252714447,1.5646766889075305,1.9833759238319058,0.9734460198352315,7.783220831569922,2021-01-03,0.6107320373595827,0.20385372718285338,0.22487431575478764
0.16603360882846532,1.0747496928851237,3.1520051114832546,1.5461210495104039,1.9780011491948246,0.9712346081143489,7.75079998815656,2021-01-04,0.6112834751069469,0.20300634230476622,0.2242554803199511
0.16180033225801216,1.058897990275915,3.1657890734740506,1.527304396981446,1.9732121324657257,0.9686721683672357,7.719253707178725,2021-01-05,0.6117411599375836,0.20208424905869257,0.22355749436908762
0.15739661028431756,1.0443941498624398,3.179932578152495,1.5083967155077413,1.969090102749601,0.9658420368494978,7.688989908895952,2021-01-06,0.6121072989434194,0.20111320133686947,0.22279915872384046
0.15299289001487415,1.0313497489384518,3.1944220200337665,1.489567151492887,1.9657107338876505,0.9628300219257276,7.66040606553481,2021-01-07,0.6123845644198294,0.20011901525507875,0.2219994987538184
0.14877323513913407,1.0198552728761825,3.209242666544109,1.4709828064842967,1.9631435720314088,0.9597218060667351,7.633886202649117,2021-01-08,0.6125760629205773,0.19912681597465584,0.22117729359389204
0.14492790556609625,1.0099798178027424,3.224378580132134,1.4528075632841304,1.9614515198787819,0.9566003121506765,7.609798040148149,2021-01-09,0.612685302243712,0.19816028794184737,0.22035061225815156
0.14164260693592307,1.001771055920649,3.2398125453126005,1.435200953503362,1.9606903807625944,0.9535431379278106,7.588490294082177,2021-01-10,0.6127161567701205,0.19724095977652614,0.21953637240632565
0.13908455799600927,0.9952554662868883,3.2555260013085747,1.4183170742614408,1.9609084652378002,0.9506201694622897,7.5702901597555785,2021-01-11,0.6126728315822281,0.19638755738270228,0.2187499380080494
0.13738667367390905,0.9904388338731289,3.271498980935198,1.4023035611226138,1.9621462622545418,0.9478914850820683,7.555500995743312,2021-01-12,0.6125598257897314,0.19561545888298806,0.21800477173688382
0.1366324977460356,0.987307018301174,3.2877100563427106,1.387300623708098,1.9644361764363312,0.9454056544839755,7.5444002268376,2021-01-13,0.61238189548353,0.194936282200921,0.21731215646873284
0.13684534428661907,0.9858269907042427,3.304136292206794,1.373440149734527,1.9678023324114353,0.9431985225166435,7.537237481894037,2021-01-14,0.6121440167279344,0.1943576303383523,0.2166809977238228
0.13798466370557,0.9859481327710579,3.320753206919025,1.3608448825152013,1.9722604465756932,0.9412925440927861,7.534232979965346,2021-01-15,0.6118513489842801,0.19388301086587803,0.21611771534749194
0.13995078526247878,0.9876037863899991,3.337534742294427,1.349627676229277,1.9778177661018348,0.9396967070443207,7.535576175119198,2021-01-16,0.6115091993359816,0.19351193555192706,0.21562622838543494
0.1425967190899806,0.990713035739852,3.354453242270554,1.3398908325241896,1.984473074458807,0.938407045869408,7.541424667001124,2021-01-17,0.6111229878572665,0.19324019446019794,0.21520803228019472
0.1457439079586712,0.9951826965778658,3.3714794410290883,1.3317255212743284,1.99221676217,0.9374077142777071,7.551903380676661,2021-01-18,0.6106982144336194,0.1930602875038114,0.2148623625993379
0.14919847153871113,1.0009094803138412,3.3885824609232,1.325211287587399,2.0010309610248136,0.9366725514615254,7.567104015683133,2021-01-19,0.6102404273032983,0.19296198658995267,0.2145864349117865
0.15276538022209954,1.0077822937047416,3.4057298205440025,1.3204156464275478,2.010889739470188,0.9361670491235484,7.587084760678221,2021-01-20,0.6097551935452769,0.19293299410128908,0.21437574654842634
0.15625935277263237,1.0156846291148192,3.4228874532067155,1.3173937655280403,2.021759356449308,0.9358506057621295,7.6118702667400715,2021-01-21,0.6092480716919901,0.19295965912506843,0.21422442311874573
0.15951240592792035,1.024496995662488,3.4400197360827134,1.316188236593512,2.0335985705292274,0.9356789428244336,7.641451869329232,2021-01-22,0.6087245865948188,0.19302771167200145,0.21412559099288375
0.16237862089860058,1.0340993385399253,3.45708953014627,1.316828934152925,2.0463590007696557,0.9356065543459338,7.675788046293079,2021-01-23,0.6081902066157293,0.19312297682777466,0.21407175655248709
0.16473688959019386,1.0443733925629453,3.474058231047478,1.3193329608222266,2.0599855354356826,0.935589066814637,7.714805097110545,2021-01-24,0.6076503231666778,0.19323203475911743,0.21405517379924247
0.16649234175585972,1.0552049166939288,3.490885830962657,1.32370467717432,2.0744167843488213,0.9355853978788493,7.758398026896344,2021-01-25,0.6071102325618757,0.1933427980205678,0.21406818371729935
0.16757699133083415,1.0664857588675636,3.5075309914134145,1.329935813895665,2.089585570407195,0.9355596193515415,7.806431617497052,2021-01-26,0.6065751200963125,0.19344498396201973,0.21410351139441983
0.16794996866140288,1.0781157048190753,3.5239511269844552,1.3380056634380877,2.1054194555870303,0.9354824500132951,7.858741667304562,2021-01-27,0.6060500462126845,0.19353046662460044,0.21415451006375505
0.16759756255352196,1.0900040705462917,3.540102499809234,1.3478813479486378,2.1218412965655764,0.9353323253841888,7.915136381137059,2021-01-28,0.6055399345720953,0.19359349891206676,0.21421534469146264
0.16653318685496943,1.1020710052391578,3.5559403246308277,1.3595181598858743,2.1387698249811855,0.9350960137361478,7.975397891640783,2021-01-29,0.6050495618017085,0.19363080181127237,0.2142811112942211
0.1647973007081813,1.1142484796335212,3.571418884185235,1.3728599714010783,2.156120247268423,0.934768769291026,8.039283894074675,2021-01-30,0.6045835486568727,0.19364152292777795,0.21434789164457363
0.16245723466354575,1.126480943419463,3.586491654593704,1.3878397082835572,2.1738048589758647,0.9343540343005572,8.106529376976464,2021-01-31,0.604146352306242,0.1936270716295627,0.2144127462804498
0.1596067908107069,1.1387256441863522,3.6011114403926188,1.4043798840336936,2.1917336684895643,0.9338627212177862,8.1768484320286,2021-02-01,0.603742259429201,0.193590842722342,0.2144736516702808
0.156365380173699,1.1509526090693076,3.615230518770652,1.4223931894382196,2.209815025145462,0.933312124199365,8.249936127350587,2021-02-02,0.6033753798015968,0.1935378448607859,0.21452938991990236
0.1528763273012489,1.1631442984764933,3.6288007925281796,1.4417831328724187,2.227956246817545,0.9327245254494355,8.325470429426003,2021-02-03,0.60304964004591,0.1934742538267632,0.21457940147601187
0.14930381829552594,1.1752949487804647,3.6417739512199163,1.4624447264470821,2.246064242212642,0.9321255759746903,8.403114159866647,2021-02-04,0.602768777229094,0.1934069142752102,0.21462361282383033
0.14582783415210587,1.1874096274803254,3.6541016398891655,1.4842652130434513,2.2640461232856213,0.9315425415632113,8.482516974224982,2021-02-05,0.6025363320090545,0.19334281637139042,0.21466225214505402
0.1426363866153532,1.1995030299833986,3.6657356347548418,1.5071248292418824,2.2818098034070142,0.9310025124418292,8.563317351057682,2021-02-06,0.6023556410596822,0.19328857565019394,0.21469566625121536
0.13991460395803074,1.2115980517839142,3.6766280251645367,1.5308975991392477,2.299264577166042,0.9305306782906011,8.645144580438867,2021-02-07,0.6022298285404564,0.19324994511666696,0.2147241518074729
0.1378308516602374,1.2237241734559314,3.6867314010850603,1.555452154067301,2.3163216779717226,0.9301487683173444,8.727620742121506,2021-02-08,0.6021617964226343,0.19323138780318186,0.21474781290810677
0.13652114463771373,1.2359156985984945,3.6959990453614386,1.5806525732643397,2.3328948099205635,0.9298737484564277,8.810362664557978,2021-02-09,0.6021542135378817,0.1932357355103094,0.21476645547936324
0.136074334292258,1.2482098867687497,3.7043851299394928,1.6063592406119114,2.348900650725877,0.9297168543278964,8.892983857032142,2021-02-10,0.6022095032732265,0.19326395525873064,0.21477952683054946
0.13652130306768304,1.2606450246199892,3.711844915214048,1.6324297126241478,2.3642593228493527,0.9296830198505026,8.975096408225868,2021-02-11,0.6023298299022855,0.19331503922223564,0.21478610604420026
0.13783099411518296,1.2732584790259027,3.7183349516369923,1.658719592967807,2.378894830333884,0.9297707383539981,9.056312845639138,2021-02-12,0.602517083608386,0.1933860269510475,0.2147849479281688
0.13991440713258554,1.2860847759963872,3.7238132826936883,1.6850834088909274,2.3927354592056855,0.9299723671879084,9.136247951390503,2021-02-13,0.6027728643245003,0.19347216104614604,0.21477458009636652
0.1426354233348981,1.2991537487193359,3.7282396483366065,1.7113754850484106,2.4057141396878956,0.9302748600598016,9.214520531027295,2021-02-14,0.6030984645827144,0.1935671697129912,0.21475344957412795
0.14582562877384125,1.3124887971024077,3.73157568794858,1.737450810327729,2.4177687688450633,0.9306608856075891,9.290755133023087,2021-02-15,0.6034948516299273,0.19366366241672878,0.21472011229841997
0.14929990374934354,1.326105299703937,3.733785141895609,1.763165893400086,2.4288424926518983,0.9311102678715237,9.364583717611701,2021-02-16,0.603962649128195,0.19375361869123225,0.21467345615541217
0.1528702977881526,1.3400092168644062,3.7348340507230025,1.7883796028464571,2.438883946849607,0.9316016658266935,9.43564727443859,2021-02-17,0.6045021188104113,0.19382894538306936,0.21461294588108287
0.15635693670607986,1.3541959210834882,3.734690951043962,1.8129539878359253,2.4478474563129464,0.9321143959558058,9.50359738917032,2021-02-18,0.605113142507562,0.19388207439351993,0.21453887633989152
0.1595957791486856,1.3686492871259073,3.7333270671727123,1.8367550754641875,2.4556931929994223,0.9326302943430996,9.568097759628726,2021-02-19,0.6057952049994547,0.1939065712861124,0.21445261944038158
0.16244367655191613,1.3833410698833846,3.730716497559165,1.859653640993151,2.462387292884895,0.9331355128794703,9.628825662198574,2021-02-20,0.6065473781636863,0.19389772477239844,0.21435684927854648
0.16478142003694002,1.3982305925895975,3.7268363950934495,1.8815259473665318,2.4679019326048195,0.9336221473654469,9.685473369136746,2021-02-21,0.6073683069106905,0.19385308780447233,0.21425573003331563
0.1665154330030095,1.4132647615518394,3.721667140362352,1.902254450518162,2.472215366814725,0.9340896028987207,9.737749517019019,2021-02-22,0.6082561973901875,0.19377294250220595,0.21415505168482518
0.1675786342138683,1.4283784161469797,3.7151925069602374,1.921728467129283,2.4753119275557998,0.9345456132014595,9.785380425860922,2021-02-23,0.6092088079413827,0.19366066320863778,0.21406229980170507
0.16793084325701665,1.4434950145309455,3.707399817979508,1.9398448016426189,2.4771819871592697,0.9350068448386248,9.828111367512472,2021-02-24,0.6102234432315565,0.1935229544682889,0.21398664747922563
0.16755896799215267,1.4585276465045092,3.6982800928337114,1.9565083294942212,2.477821886445147,0.9354990341649612,9.86570778075707,2021-02-25,0.6112969519888704,0.19336994369654437,0.21393886004669985
0.16647710995902718,1.4733803555181235,3.6878281835981497,1.9716325336885725,2.4772338301667243,0.9360566240315268,9.897956429236068,2021-02-26,0.6124257286845616,0.1932151119177421,0.21393110643676438
0.16472664104790996,1.4879497422155414,3.67604290008845,1.98513999201434,2.475425751819305,0.9367218886466091,9.924666496930202,2021-02-27,0.6136057194598065,0.19307505050256007,0.2139766751441815
0.16237622901242155,1.5021268125969458,3.6629271229370697,1.996962812384283,2.4724111500722543,0.9375435583459781,9.945670614542028,2021-02-28,0.6148324325231271,0.192969037685148,0.21408959745850645
0.15952170438842722,1.5157990252586928,3.6484879039703673,2.007043013976906,2.468208899194799,0.938574981044105,9.960825808842126,2021-03-01,0.6161009531702353,0.19291843614058066,0.21428418602148142
0.15628555109919492,1.5288524846821634,3.6327365532356586,2.0153328520722393,2.462843035929917,0.9398718830956093,9.970014365942651,2021-03-02,0.6174059634975541,0.1929459222214384,0.2145745025009033
0.15281565596995508,1.5411742216316187,3.6156887120774384,2.021795084697356,2.456342525327746,0.9414898180111402,9.973144598635622,2021-03-03,0.6187417668001906,0.19307456848827315,0.2149737739197169
0.1492827713497648,1.5526544977647427,3.5973644117138006,2.026403179442646,2.448741008079917,0.9434814151928397,9.970151507446975,2021-03-04,0.6201023165621812,0.19332681335386204,0.21549378244233142
0.14587596579944662,1.5631890698762172,3.577788116820538,2.029141459068963,2.440076531901015,0.9458935603849823,9.960997324977185,2021-03-05,0.6214812498670805,0.19372336393637335,0.2161442576168621
0.14279525427800388,1.5726813499904257,3.5569887536875275,2.0300051848045397,2.4303912694843266,0.9487646524604366,9.945671933440806,2021-03-06,0.6228719249807938,0.19428208901899646,0.21693230260400181
0.14024077709024513,1.5810444008828903,3.5349997225727146,2.0290005765261716,2.4197312255169687,0.9521220852100913,9.924193146116888,2021-03-07,0.624267462786618,0.19501696650638944,0.2178618862889377
0.13839853147924075,1.5882027124916307,3.511858893940773,2.026144769332819,2.408145935176756,0.9559800963466433,9.8966068446433,2021-03-08,0.6256607916895732,0.1959371521549833,0.218933431058769
0.13742382815703397,1.594093712875058,3.4876085883382864,2.0214657063511066,2.395688156451547,0.9603381083982064,9.862986965716724,2021-03-09,0.6270446955487805,0.19704623235772117,0.2201435214205855
0.1374250771160671,1.5986689775536975,3.46229553972205,2.015001967958257,2.382413558522601,0.9651796583865637,9.823435332714052,2021-03-10,0.6284118641514594,0.198341713041089,0.2214847518532088
0.13845148433370225,1.6018951127671948,3.4359708421245405,2.006802537969917,2.368380408339528,0.9704719773963678,9.778081329970844,2021-03-11,0.6297549457012414,0.19981478012134643,0.22294572396423287
0.1404879243113083,1.603754300819865,3.4086898796075746,1.9969265077140748,2.3536492573876155,0.9761662407943681,9.72708141983271,2021-03-12,0.6310666007673423,0.20145034645866855,0.22451119401833736
0.14345840132030696,1.604244508637609,3.3805122395243608,1.9854427192974546,2.3382826305103044,0.9821984690537421,9.670618505032438,2021-03-13,0.6323395571200973,0.2032273785969027,0.22616236315658156
0.14723692609121836,1.6033793732412946,3.3515016091781935,1.9724293497625975,2.322344718503374,0.988491021974366,9.60890114133946,2021-03-14,0.6335666648697917,0.20511947671592715,0.22787729499979625
0.1516626761052278,1.6011877893877144,3.321725656035256,1.9579734382312015,2.305901076044056,0.9949545989886367,9.542162607662682,2021-03-15,0.634740951324802,0.20709566561242762,0.2296314394744444
0.15655584649477747,1.5977132345272613,3.291255891717394,1.9421703585289443,2.2890183263611585,1.001490637444989,9.470659842777781,2021-03-16,0.6358556749919259,0.2091213446720234,0.2313982379674479
0.1617314707341538,1.5930128739470681,3.2601675200693365,1.925123240181367,2.2717638738921053,1.0079939900990964,9.394672259506686,2021-03-17,0.6369043781581973,0.21115934107665618,0.23314978335388964
0.16700988953579718,1.5871564941156844,3.2285392696614212,1.9069423410635125,2.2542056260125998,1.0143557620130121,9.314500448440533,2021-03-18,0.6378809375142659,0.2131710122295837,0.23485750881279627
0.172223739637531,1.5802253145727754,3.1964532111557045,1.8877443753644711,2.236411724764818,1.0204661940720936,9.23046478413208,2021-03-19,0.6387796123090449,0.21511734923768666,0.23649288124983617
0.17722201845185123,1.5723107281467226,3.163994560028762,1.8676518008943068,2.2184502893546165,1.02621749319964,9.1429039470698,2021-03-20,0.6395950895570527,0.2169600416065527,0.23802807807219148
0.18187200696479416,1.5635130159429675,3.1312514652066845,1.8467920701095355,2.200389170035967,1.0315065256608356,9.052173374701555,2021-03-21,0.6403225258598547,0.21866247252960225,0.23943662952894768
0.18605978584010024,1.5539400777069605,3.098314784230102,1.8252968495556583,2.18229571385514,1.0362373073727846,8.95864365433279,2021-03-22,0.6409575854424193,0.2201906230320177,0.24069401240501986
0.18968992327215692,1.5437062102717956,3.065277845627054,1.8033012127250936,2.1642365425887307,1.040323242059894,8.862698869945465,2021-03-23,0.6414964740518403,0.2215138709465736,0.24177818422159914
0.19268474572049632,1.5329309574176344,3.032236199226203,1.7809428115936052,2.14627734307939,1.043689073106544,8.764734913939733,2021-03-24,0.6419359684118793,0.22260567682900687,0.24267005004512576
0.19498346530915192,1.5217380442603243,2.999287355200736,1.7583610323301126,2.1284826700518784,1.0462725273018034,8.665157773588772,2021-03-25,0.6422734409757731,0.22344415336821538,0.24335385643193966
0.1965413385970565,1.5102543989600736,2.96653051268132,1.7356961408673055,2.110915761381284,1.0480256380475381,8.564381800702773,2021-03-26,0.6425068797709494,0.22401251774133582,0.24381750892319315
0.19732896486613427,1.498609254806093,2.9340662788275096,1.713088424171191,2.0936383656846784,1.0489157420829989,8.462827971729084,2021-03-27,0.6426349031794203,0.22429942794557073,0.24405281088566128
0.19733178875472487,1.4869333172545836,2.9019963792901304,1.6906773331525513,2.0767105820184164,1.0489261477148033,8.36092214435031,2021-03-28,0.6426567695504474,0.22429920469933268,0.24405562245369436
0.19654984357959396,1.4753579738496028,2.8704233610410808,1.6686006332220438,2.060190711384973,1.0480564744346017,8.259093315669668,2021-03-29,0.6425723815938357,0.22401194034122276,0.24382593896018212
0.19499775163373964,1.4640145205797166,2.8394502885823645,1.6469935684989327,2.0441351196872093,1.0463226643022536,8.157771886346987,2021-03-30,0.6423822855544139,0.2234434955263441,0.2433678886556846
0.19270498143376158,1.453033376407746,2.809180434582527,1.6259880456398497,2.0285981117129306,1.0437566652242163,8.057387934614127,2021-03-31,0.6420876652200493,0.22260538367865315,0.24268964982132135
0.18971634555700992,1.4425432585620308,2.7797169660167778,1.605711843161142,2.013631815688764,1.0404057859871911,7.958369503972419,2021-04-01,0.6416903308667006,0.22151454232786003,0.2418032876906447
0.18609270259364852,1.432670294622245,2.7511626269156264,1.586287851978859,1.999286077910725,1.036331723309336,7.861140908549621,2021-04-02,0.6411927032941532,0.22019298987347793,0.24072451201655556
0.1819117981504085,1.4235370532191818,2.723619418844843,1.567833352693132,1.9856083669366347,1.031609262921518,7.766121060540382,2021-04-03,0.640597793155254,0.21866736622034505,0.23947235676696615
0.17726913637722375,1.415261482886174,2.6971882802610962,1.5504593348907423,1.9726436868146298,1.0263246604225156,7.6737218248202,2021-04-04,0.6399091758291604,0.21696835638483114,0.2380687844039945
0.17227870674758344,1.407955757709089,2.6719687658957545,1.534269863440678,1.9604344988204059,1.0205737138855702,7.584346406645596,2021-04-05,0.6391309621330629,0.215129997872724,0.23653821859440152
0.16707329157972167,1.4017250382913762,2.648058727332439,1.5193614964066933,1.9490206511834987,1.0144595492761062,7.498387779239547,2021-04-06,0.6382677652115256,0.21318887565872507,0.2349070110813849
0.16180394238776713,1.3966661665000153,2.6255539959430583,1.505822758808087,1.9384393162985845,1.0080901517803387,7.4162271589388435,2021-04-07,0.6373246639813265,0.2111832131882835,0.23320285085204054
0.15663804600825945,1.3928663218024662,2.604548069348728,1.4937336760222568,1.928724934941953,1.0015756908624964,7.338232536346246,2021-04-08,0.6363071635449425,0.20915187407884617,0.2314541266365047
0.15175524590947762,1.3904016751076131,2.585131802565712,1.483165370148043,1.9199091670429855,0.9950257035510456,7.26475727251022,2021-04-09,0.6352211530201657,0.2071332970035051,0.22968925705412674
0.14734043838156433,1.389336082329807,2.5673931049843395,1.4741797221404491,1.9120208485974008,0.9885462178403156,7.196138769469186,2021-04-10,0.6340728612570331,0.205164395134271,0.22793600618547016
0.1435732921585149,1.3897198639706714,2.55141664431624,1.4668291019866164,1.9050859543499143,0.9822369144171987,7.132697224499357,2021-04-11,0.6328688109370085,0.20327946066107025,0.2262208056560987
0.1406144264162508,1.3915887185750135,2.537283558624484,1.4611561686323686,1.8991275659196916,0.9761884379820407,7.074734477041893,2021-04-12,0.631615771563793,0.20150912301185916,0.2245681070724227
0.1385895750290446,1.3949628168405102,2.5250711775245165,1.4571937407837656,1.8941658450907233,0.9704799768453384,7.02253295655872,2021-04-13,0.6303207118611928,0.1998794149132477,0.2229997903566949
0.13757445940756077,1.399846119492944,2.514852753618904,1.4549647391146814,1.8902180120398493,0.9651772290407673,6.976354738475369,2021-04-14,0.6289907520969923,0.19841100173647144,0.22153465371910908
0.13758395579997218,1.4062259559820975,2.5066972051928085,1.454482199806975,1.8872983283280769,0.9603308632634286,6.936440713948169,2021-04-15,0.6276331168408587,0.1971186253603597,0.22018800929375734
0.1385686743012557,1.4140728929579767,2.5006688711600367,1.4557493587456851,1.8854180845332658,0.9559755629392779,6.903009877497632,2021-04-16,0.6262550886506011,0.19601080347197972,0.21897140464268847
0.14042010814397918,1.4233409118138942,2.4968272792075945,1.458759805092518,1.884585592454903,0.9521297123847949,6.8762587346487125,2021-04-17,0.6248639631538019,0.19508980926513975,0.21789248446309578
0.14298293428009748,1.4339679038749906,2.495226928041552,1.4634977023712556,1.884806181873037,0.9487957474469415,6.8563608296966825,2021-04-18,0.6234670059596511,0.19435193646389803,0.21695499927673506
0.14607120550663957,1.4458764806570354,2.4959170845861958,1.4699380746267254,1.8860822018924261,0.94596115259474,6.843466391671048,2021-04-19,0.6220714117927231,0.19378803298554145,0.2161589592783384
0.14948486421086693,1.458975085607748,2.498941596936355,1.4780471546696083,1.8884130269496293,0.9436000461808787,6.837702094593024,2021-04-20,0.6206842661897592,0.19338426627466238,0.2155009227222991
0.15302398429077538,1.4731593834325032,2.5043387238042687,1.487782790898717,1.8917950676035402,0.941675259648044,6.839170926302816,2021-04-21,0.619312510042906,0.19312306708911747,0.21497440014158908
0.1564995748162365,1.4883138939820784,2.5121409811435216,1.4990949087033483,1.896221786268681,0.9401407883182937,6.847952158568695,2021-04-22,0.6179629072077081,0.19298418819478827,0.21457034914931417
0.15974094233439567,1.5043138301420702,2.522375006569546,1.5119260220019786,1.9016837180844621,0.9389444734079607,6.864101409935525,2021-04-23,0.6166420153260129,0.19294581079556936,0.21427773018284463
0.16260024040632665,1.521027093487935,2.5350614421288524,1.5262117900648768,1.9081684971424326,0.9380307680097478,6.88765079189363,2021-04-24,0.6153561599389,0.19298563417832934,0.2140840916167833
0.16495501196457987,1.5383163778197864,2.550214835902608,1.5418816144128067,1.9156608883161534,0.9373434434732704,6.918609128467457,2021-04-25,0.6141114118911961,0.1930818916905836,0.21397615317295066
0.1667094469238764,1.5560413290979003,2.5678435628584406,1.5588592702742128,1.9241428249553003,0.9368281053784328,6.956962239268854,2021-04-26,0.6129135679539839,0.19321424701494722,0.21394035919968601
0.1677948989807444,1.5740607106834443,2.5879497652910306,1.5770635668307569,1.933593452715491,0.9364344078481713,7.002673276399914,2021-04-27,0.6117681345174583,0.1933645369567982,0.21396337768037194
0.16817002518662358,1.5922345249700678,2.6105293131216687,1.5964090302836955,1.9439891797989117,0.9361178788822114,7.055683106306467,2021-04-28,0.6106803141410979,0.19351733912599361,0.21403252619628935
0.16782076528195364,1.6104260462060838,2.6355717842451547,1.6168066036333726,1.9553037338770891,0.9358412954593925,7.115910728725871,2021-04-29,0.6096549946828422,0.19366035395680845,0.2141361119375314
0.16676026774745678,1.6285037242437153,2.663060465042024,1.6381643569851851,1.9675082259568506,0.9355755735188038,7.1832537261662655,2021-04-30,0.6086967406787128,0.19378459997054256,0.21426367875116095
0.16502878461149337,1.646342924766764,2.6929723710948554,1.6603882021738339,1.9805712214326454,0.9353001633246266,7.257588738841451,2021-05-01,0.6078097866013396,0.19388442896060717,0.21440615976740282
0.16269348133686062,1.6638274778965034,2.725278288066886,1.6833826055371057,1.994458818544015,0.9350029643100809,7.338771961560875,2021-05-02,0.6069980315941421,0.19395737406932678,0.2145559391185078
0.15984802543255933,1.6808510136349668,2.7599428326288913,1.7070512927686863,2.0091347344258357,0.9346797948780197,7.426639660682792,2021-05-03,0.6062650352636136,0.19400384886080896,0.2147068305112504
0.15661171385895636,1.6973180690897185,2.7969245332406816,1.7312979399338786,2.024560398901029,0.9343334715356593,7.521008710778069,2021-05-04,0.605614014110211,0.19402671980743402,0.21485398388699628
0.15312776732748135,1.7131449586043246,2.836175930514478,1.7560268449426646,2.0406950561214927,0.9339725679861999,7.621677152068456,2021-05-05,0.6050478381903879,0.19403077833388738,0.21499373408456693
0.1495602673976793,1.7282604036206086,2.8776436968178922,1.7811435740379626,2.057495874113459,0.9336099380931497,7.728424770931418,2021-05-06,0.6045690276341236,0.19402214179686297,0.21512340731310028
0.1460890796237035,1.7426059242160883,2.921268774694573,1.8065555781689229,2.074918062228461,0.9332610965712379,7.841013706759114,2021-05-07,0.6041797486852025,0.19400761543117542,0.21524110236655142
0.1429020831214581,1.7561359987385026,2.9669865336109007,1.8321727744771936,2.09291499644164,0.9329425573064215,7.959189089195076,2021-05-08,0.6038818089895306,0.19399404914618826,0.21534546386607006
0.14018425831051454,1.7688180017974815,3.014726944467565,1.8579080885250254,2.1114383523753837,0.9326702307458876,8.08267971023779,2021-05-09,0.6036766519312252,0.19398772376721557,0.21543546441788686
0.13810382144130662,1.7806319341095924,3.064414771242064,1.883677953329685,2.1304382458596267,0.9324579783468109,8.211198735897554,2021-05-10,0.6035653498943939,0.1939938005473812,0.21551021142827306
0.13679666239525973,1.7915699603855237,3.115969779070747,1.9094027617396065,2.149863380770484,0.9323164132645152,8.344444462028978,2021-05-11,0.6035485964248225,0.19401586522351644,0.215568792467643
0.13635156241776594,1.801635773671297,3.1693069580065805,1.9350072691833153,2.169661203818145,0.9322520224206253,8.482101118688531,2021-05-12,0.6036266973591794,0.19405559343245954,0.21561017057483056
0.13679941220095576,1.8108438063817187,3.2243367616386776,1.9604209443404428,2.1897780658825203,0.9322666662487838,8.623839726882139,2021-05-13,0.603799561093342,0.19411255802166355,0.2156331378493107
0.13810924580938003,1.8192183097507861,3.280965359697281,1.9855782658196752,2.2101593894237492,0.9323574898147173,8.769319010948282,2021-05-14,0.6040666882605208,0.19418419100136808,0.21563633221459685
0.1401922172838424,1.8267923246167976,3.3390949037184923,2.010418963472809,2.2307498414230094,0.9325172539992872,8.918186369079033,2021-05-15,0.6044271611891932,0.19426590414998554,0.21561831852091076
0.14291238977763923,1.833606567373279,3.3986238047945054,2.0348882035242535,2.2514935112410015,0.9327350697069113,9.070078903659095,2021-05-16,0.6048796336024689,0.19435136327621136,0.2155777313593848
0.14610152013646915,1.8397082555508586,3.45944702239203,2.0589367172457704,2.27233409271382,0.932997493356149,9.224624512240162,2021-05-17,0.6054223211036381,0.1944329025827648,0.2155134732666476
0.14957461909993067,1.8451498978223513,3.521456363177988,2.082520873448691,2.293215069744672,0.9332899198177257,9.381443039065982,2021-05-18,0.6060529930628517,0.19450205811213456,0.21542495856096666
0.15314381244682365,1.8499880732051552,3.584540788762844,2.1056026955975167,2.314079904590775,0.933598190810127,9.540147486163319,2021-05-19,0.6067689665774131,0.19455019333039697,0.21531239001338467
0.15662924880367415,1.8542822238246854,3.648586731235049,2.1281498248651354,2.3348722279929417,0.9339103233466608,9.700345282083385,2021-05-20,0.607567103218298,0.194569185742522,0.21517705300497508
0.1598668672151224,1.8580934847519892,3.7134784153395186,2.1501354309414857,2.3555360302483086,0.9342182546157207,9.861639605462114,2021-05-21,0.6084438092968498,0.19455214100795448,0.21502160983073076
0.16271347381428997,1.8614835731007475,3.7790981861292856,2.1715380728757694,2.3760158522878596,0.9345194965766113,10.023630759604407,2021-05-22,0.6093950403900789,0.19449410009937776,0.21485037540775348
0.16504980791192395,1.864513756739771,3.845326840905052,2.1923415126691133,2.3962569757879795,0.934818595331349,10.185917593318344,2021-05-23,0.6104163108479815,0.19439270526875232,0.21466955487122436
0.16678225481232703,1.867243920647508,3.912043964248525,2.212534484735628,2.4162056113222445,0.9351282964986509,10.3480989622015,2021-05-24,0.6115027089701662,0.19424879157101413,0.21448742341766158
0.16784373006589565,1.8697317461279992,3.9791282649462514,2.2321104247155206,2.4358090835437394,0.9354703279708517,10.509775223499721,2021-05-25,0.6126489184889631,0.1940668721157673,0.21431442935276807
0.1681941077808313,1.872032014875428,4.046457913603548,2.2510671614471,2.455016012383864,0.9358757252817971,10.670549756533681,2021-05-26,0.613849246925511,0.1938554869034065,0.21416320270562558
0.1678204337058985,1.8741960462935072,4.113910879753601,2.269406576184429,2.4737764892552834,0.9363846421798899,10.830030499526183,2021-05-27,0.6150976613026108,0.19362738709403207,0.21404845413425833
0.16673706009515737,1.8762712726451833,4.181365267272607,2.287134233383016,2.492042247261126,0.9370456099703924,10.987831492467686,2021-05-28,0.6163878316020424,0.19339952912070343,0.21398675231206837
0.1649857562206834,1.8783009526455836,4.248699646932355,2.3042589875639767,2.509766824434405,0.9379142336970242,11.143574414496797,2021-05-29,0.617713182246425,0.19319285672052144,0.21399617272156218
0.16263577162757462,1.8803240201440605,4.315793384936865,2.3207925709063524,2.5269057190638606,0.9390513412082594,11.296890103150954,2021-05-30,0.6190669517723847,0.19303185441794327,0.21409581687734983
0.1597837423150053,1.8823750607020933,4.38252696631792,2.3367491663108053,2.543416536204083,0.9405206319961154,11.447420041850961,2021-05-31,0.6204422607414894,0.19294386402040575,0.21430520841843811
0.15655321664692912,1.8844844052935976,4.44878231209065,2.3521449707188853,2.559259124518162,0.9423859052531122,11.59481780115648,2021-06-01,0.6218321878131052,0.19295816694259116,0.21464358101727768
0.1530934261921507,1.8866783271523988,4.514443089107338,2.3669977534697497,2.57439570265979,0.9447079788997929,11.73875041875818,2021-06-02,0.623229853778044,0.19310484991527802,0.21512908214179902
0.14957673995922466,1.8889793250751463,4.579395011582062,2.3813264144219763,2.5887909744694584,0.9475414406724416,11.87889970289223,2021-06-03,0.6246285132305925,0.193413489457705,0.21577792559222153
0.14619405602235622,1.8914064743435548,4.6435261333062865,2.395150546472428,2.602412232334083,0.9509313954322729,12.014963443961655,2021-06-04,0.6260216534316702,0.19391171003681454,0.21660353339459618
0.1431473001910977,1.8939758249227545,4.70672712961504,2.4084900069613857,2.615229448139277,0.9549103862613595,12.146656519648474,2021-06-05,0.6274030998005058,0.1946236897447484,0.21761571293863657
0.14063838910014506,1.8967008257645852,4.768891568219029,2.4213645022702774,2.627215351332925,0.9594956677606311,12.273711879747726,2021-06-06,0.6287671273497458,0.19556870241312532,0.2188199171456272
0.13885467596217899,1.8995927539149613,4.829916168067418,2.433793189695753,2.638345493708151,0.964686996567142,12.395881398352044,2021-06-07,0.630108577270279,0.19675979292018125,0.2202166332528625
0.13795210564484678,1.9026611276889147,4.889701045464368,2.4457943004254865,2.648598300611957,0.9704650765647316,12.512936582855064,2021-06-08,0.6314229777533977,0.19820268024614646,0.22180093931569497
0.1380387728134049,1.905914084411816,4.948149946719828,2.4573847871484444,2.6579551083834527,0.9767907567017589,12.624669131491494,2021-06-09,0.6327066680274517,0.19989496933889297,0.22356225727664647
0.13916255362643565,1.9093587050897443,5.005170466677057,2.468579999512057,2.6664001879267887,0.9836050317561071,12.730891333731126,2021-06-10,0.6339569244712672,0.2018257290282178,0.22548431855148635
0.1413061116350178,1.913001270807221,5.060674252523604,2.4793933902901495,2.6739207544256143,0.9908298460670171,12.831436310720623,2021-06-11,0.6351720875474325,0.2039754623021213,0.22754534411903565
0.144390644122572,1.9168474385882377,5.114577192357965,2.489836254757758,2.6805069633068572,0.9983696527812566,12.92615809601864,2021-06-12,0.6363516881781498,0.20631646204986379,0.22971842779505455
0.14828709156233796,1.9209023278139397,5.1667995880486846,2.499917505379784,2.68615189266177,1.0061136415001466,13.014931560000667,2021-06-13,0.6374965720559054,0.20881351512464064,0.23197210024896844
0.15283157810075373,1.9251705119777776,5.217266311994737,2.5096434835211716,2.6908515124288854,1.013938518854244,13.09765218439262,2021-06-14,0.6386090202463861,0.2114248946229017,0.2342710434545716
0.15784144113029439,1.9296559144770962,5.2659069474617874,2.519017809474019,2.6946046407379245,1.0217117110897427,13.174235696320187,2021-06-15,0.6396928642968431,0.21410356711062284,0.23657692111221704
0.16312913602565396,1.934361611181989,5.312655912239816,2.5280412716816842,2.697412887902308,1.0292948549095151,13.244617573926124,2021-06-16,0.6407535939116351,0.21679853846923627,0.23884929001313887
0.1685127312443164,1.9392895465748232,5.35745256543703,2.5367117556221355,2.699280588632035,1.0365474507691834,13.308752437889163,2021-06-17,0.641798455101424,0.2194562675693383,0.24104655973834269
0.1738229039377623,1.94444017419604,5.400241297294403,2.54502421239794,2.7002147231156552,1.0433305687274792,13.366613345033423,2021-06-18,0.6428365365531289,0.2220220884776519,0.2431269726399243
0.17890701741090018,1.949812035839353,5.440971601973544,2.552970666674037,2.70022482769021,1.0495105176804815,13.418191001533085,2021-06-19,0.6438788418129773,0.22444159644650885,0.24504958181479972
0.18363107319817543,1.9554012972828894,5.479598133339671,2.5605402632054775,2.6993228958812145,1.0549624113239349,13.463492913993523,2021-06-20,0.644938344733601,0.22666196798901278,0.24677521091705648
0.1878802723441471,1.9612012611924599,5.516080743827166,2.5677193508176352,2.697523270647727,1.0595735859780084,13.502542496891017,2021-06-21,0.6460300255133314,0.22863319907560214,0.2482673855211396
0.1915587584058262,1.9672018800635147,5.550384506542924,2.5744916023355833,2.6948425287136875,1.0632468446006111,13.535378154484535,2021-06-22,0.6471708845700164,0.23030925688443285,0.24949323089650052
0.1945889454499029,1.973389293559216,5.582479720822363,2.580838168618854,2.691299357902468,1.0659035165948298,13.562052354423624,2021-06-23,0.648379931461967,0.23164914924254432,0.2504243352388657
0.19691069752883458,1.979745415250894,5.6123419015193825,2.5867378645373007,2.6869144284186994,1.0674863336323592,13.582630708895618,2021-06-24,0.6496781461006438,0.23261792201884487,0.2510375805004147
0.19848052906259214,1.9862475934866781,5.639951752367328,2.5921673844369537,2.681710259038163,1.0679621271542892,13.597191077370542,2021-06-25,0.6510884096334402,0.23318759859516425,0.2513159449249899
0.199270932008768,1.992868369849882,5.6652951238071925,2.5971015443802727,2.6757110791754086,1.0673243531559145,13.605822702881703,2021-06-26,0.6526354026143595,0.23333807753710026,0.251249282173327
0.19926989622762425,1.9995753563958174,5.688362955730958,2.601513548219384,2.6689426877968696,1.0655954439180857,13.608625391430973,2021-06-27,0.6543454684610659,0.23305800495240825,0.2508350814216754
0.19848066558283148,2.0063312495898575,5.7091512056420735,2.605375274364274,2.6614323101369584,1.0628289740785404,13.605708741599123,2021-06-28,0.6562464407259275,0.23234563681781825,0.2500792108253558
0.19692175760044797,2.0130939946749553,5.727660762780539,2.6086575799485665,2.6532084531558957,1.0591116091773518,13.597191428905251,2021-06-29,0.6583674334084847,0.23120970350938103,0.24899664290537485
0.19462726411044715,2.0198171091762975,5.743897348804799,2.6113306189713175,2.644300760650995,1.0545647779688103,13.583200546948166,2021-06-30,0.660738594407368,0.2296702832491473,0.24761215422791413
0.19164744010481896,2.026450168563491,5.757871405665667,2.6133641709075652,2.6347398688983543,1.0493459749070095,13.56387100498966,2021-07-01,0.6633908232454149,0.22775968209462813,0.2459609825348654
0.18804957357580443,2.0329394509311935,5.769597971342082,2.614727976228534,2.6245572636602765,1.043649556563718,13.539344979464913,2021-07-02,0.666355455383632,0.22552330388236347,0.24408941149779623
0.1839191042323424,2.03922873116689,5.779096544144684,2.6153920752622053,2.613785139345926,1.037706847039748,13.50977141499384,2021-07-03,0.6696639167283474,0.2230204721742427,0.24205523585569386
0.17936091471746843,2.0452602087125373,5.786390936320849,2.615327146846355,2.60245626105943,1.031785316841971,13.475305568873665,2021-07-04,0.6733473532787883,0.22032513557808542,0.2399280376528989
0.1745006414359941,2.0509755469793802,5.791509117722282,2.6145048432877056,2.590603830211761,1.0261865550637665,13.436108591784546,2021-07-05,0.6774362421874301,0.2175263461497594,0.23778917843931727
0.1694857273996889,2.056316997027235,5.794483050317703,2.612898118233285,2.5782613543110706,1.021242728532467,13.392347136568082,2021-07-06,0.681959991730816,0.2147283481874015,0.23573138534171617
0.1644857525972586,2.061228573547711,5.795348514350842,2.610481544188818,2.565462521480982,1.017311231257267,13.344192986444748,2021-07-07,0.6869465387186479,0.21205005610379085,0.23385778646638355
0.15969133053811244,2.0656572477379873,5.794144926958012,2.607231616574816,2.5522410801905075,1.0147672935378866,13.291822693920437,2021-07-08,0.6924219526224118,0.2096236472468584,0.23228024244721268
0.15531060003269187,2.069554119528296,5.790915154070185,2.603127041400499,2.538630724610566,1.0139944614386718,13.235417221877514,2021-07-09,0.6984100560880606,0.2075919712010567,0.2311168389382029
0.15156220203888002,2.072875530972585,5.78570531643077,2.598149003847279,2.524664985944467,1.0153730831450238,13.175161578917963,2021-07-10,0.704932071460426,0.2061045149592222,0.23048846347169652
0.1486638555781368,2.0755840835163695,5.77856459056093,2.592281415291745,2.5103771300113804,1.019267237756813,13.111244441906194,2021-07-11,0.7120063024551181,0.2053118011897421,0.23051449912257596
0.1468165219235585,2.0776495243183315,5.769545005505694,2.5855111365560557,2.495800061296307,1.026010873994609,13.043857759778845,2021-07-12,0.7196478591607969,0.20535835799998173,0.23130782396337868
0.1461857659562681,2.079049470755682,5.758701236185722,2.5778281754491097,2.480966233614253,1.0358942207552622,12.973196334017366,2021-07-13,0.7278684331958558,0.2063747634846086,0.23296948567628237
0.14688383319057202,2.0797699475366245,5.746090394175322,2.5692258569530324,2.4659075674758038,1.0491517016963023,12.899457372646133,2021-07-14,0.7366761281373743,0.2084696502718503,0.235583578402619
