family,colleagues,friends,strangers,date,total
1.5971872765187176,3.0289409685698585,1.3342067633393568,6.6345909277362765,2020-05-13,8.249970930831353
1.6055727373337982,3.0182455054196473,1.345758802469825,6.662920387104578,2020-05-14,8.327727373162816
1.621730753944056,3.0107478032816037,1.3604586693612994,6.6940591021107,2020-05-15,8.41013978719139
1.6449378840839393,3.0067492579119177,1.3783773163352708,6.727836197065817,2020-05-16,8.497157770854686
1.6741349206017593,3.0065454752150393,1.3995692169125866,6.764066857835171,2020-05-17,8.588719892915684
1.7080010971141701,3.0104220885889865,1.4240710430300387,6.802555362778944,2020-05-18,8.684753688328366
1.7450479945124315,3.018650248933261,1.4519004392131072,6.843098432981887,2020-05-19,8.785175689640905
1.783723927336338,3.031481834243669,1.4830549138824218,6.8854888719525,2020-05-20,8.88989149483262
1.8225186370068247,3.049144437739982,1.5175108676859053,6.929519458495523,2020-05-21,8.998795871834234
1.8600584764659693,3.0718362052471297,1.5552227781479393,6.974987049843481,2020-05-22,9.11177289983099
1.8951838634989544,3.0997206037065856,1.5961225590006123,7.02169684546054,2020-05-23,9.228696147297477
1.9270033370618933,3.132921212848512,1.6401191113072402,7.069466755310429,2020-05-24,9.349428886560156
1.9549216534187128,3.1715166408260127,1.687098081905221,7.11813180993911,2020-05-25,9.47382434453127
1.9786425165822399,3.215535671633379,1.7369218427925115,7.167548543611593,2020-05-26,9.60172598910545
1.9981492786130526,3.264952757062935,1.789429702872758,7.217599276131306,2020-05-27,9.732967850559637
2.0136689004466195,3.319683968502393,1.8444383609784907,7.268196214047508,2020-05-28,9.867374877147633
2.0256254275201373,3.3795835237941567,1.9017426063360388,7.3192852879236785,2020-05-29,10.004763323934716
2.0345891906118365,3.4444410014903113,1.9611162696521203,7.3708496394081875,2020-05-30,10.144941173774553
2.041227050977757,3.5139793490372604,2.022313424827815,7.422912670231955,2020-05-31,10.287708589192123
2.0462575574449726,3.587853782686259,2.0850698379843022,7.475540565165572,2020-06-01,10.43285839380231
2.0504132154869605,3.6656516653093103,2.1491046570632903,7.528844202597879,2020-06-02,10.580176581765134
2.054410508932281,3.7468934339473203,2.2141223317951058,7.582980369924951,2020-06-03,10.729442853656128
2.0589271054535745,3.831034632056552,2.2798147503632036,7.6381522065095835,2020-06-04,10.880431177014177
2.0645849388471373,3.9174690823557503,2.3458635756917823,7.69460880469407,2020-06-05,11.03291036972023
2.07193759109988,4.005533215287858,2.41194276100072,7.7526439092832184,2020-06-06,11.18664470425869
2.0814604933128917,4.094511545835281,2.477721221167121,7.812593668065618,2020-06-07,11.34139453081998
2.093542772721065,4.183643268256225,2.5428656335610498,7.874833400252697,2020-06-08,11.49691691711729
2.1084799406755423,4.27212991476578,2.607043339439805,7.93977336606413,2020-06-09,11.652966302714503
2.1264669368252593,4.359144000816572,2.669925314740664,8.007853538881545,2020-06-10,11.809295165594175
2.147591281087163,4.443838556992238,2.731189177253326,8.079537401167402,2020-06-11,11.965654698636655
2.1718262686246317,4.5253574261566145,2.790522195721654,8.155304806368308,2020-06-12,12.121795493632087
2.199024347726205,4.60284618492121,2.8476242654546255,8.235643970893836,2020-06-13,12.277468230407925
2.228911122271845,4.675463531184875,2.9022108145465952,8.321042682524325,2020-06-14,12.432424368624385
2.261080856216964,4.742392964893323,2.954015604837063,8.411978833745856,2020-06-15,12.586416839770592
2.294994895312107,4.802854577631127,3.0027933922917334,8.508910409988982,2020-06-16,12.739200736883117
2.3299849531128944,4.856116758495549,3.0483224125626998,8.612265082985815,2020-06-17,12.890533999508413
2.3652635685729897,4.901507619132517,3.0904066590797448,8.722429577873115,2020-06-18,13.040178091438385
2.399944048415707,4.938425939984317,3.1288779231218986,8.839738998675772,2020-06-19,13.187898668767541
2.4330717117441076,4.966351442766867,3.163597567894342,8.964466309851401,2020-06-20,13.333466235846293
2.4636671956143408,4.984854200942275,3.194458011657421,9.096812181142896,2020-06-21,13.476656786742405
2.490781017543667,4.993603010380668,3.221383898381229,9.236895408616823,2020-06-22,13.617252429867154
2.5135567112365917,4.992372556340671,3.2443329381824295,9.384744126075036,2020-06-23,13.755041993477093
2.53129794737466,4.981049230098616,3.2632964038841226,9.540288017722414,2020-06-24,13.889821609824292
2.5435334690642133,4.9596354687169235,3.2782992743647146,9.703351734863201,2020-06-25,14.021395275798376
2.550072745709706,4.928252514206587,3.289400019861226,9.873649706405558,2020-06-26,14.14957538798171
2.5510452313104004,4.887141513299041,3.296690028998867,10.050782515121307,2020-06-27,14.274183250124729
2.5469171156923314,4.836662905760557,3.3002926819590943,10.23423498910753,2020-06-28,14.395049551141112
2.5384814219545753,4.777294077184035,3.3003620788032286,10.423376131022325,2020-06-29,14.512014811822022
2.526820004385571,4.709625280988719,3.297081436463988,10.617460976843947,2020-06-30,14.624929798574573
2.5132390794896153,4.6343538634424855,3.2906611722353682,10.815634441664164,2020-07-01,14.733655902601964
2.499182948089125,4.552276854385182,3.2813366956644954,11.016937173024653,2020-07-02,14.83806548306082
2.4861331109952896,4.464282014468662,3.2693659345154558,11.220313393275882,2020-07-03,14.938042172854363
2.4755016922018585,4.371337456640831,3.2550266238772902,11.424620672202986,2020-07-04,15.033481145848853
2.4685287420831012,4.274479984808705,3.238613390476699,11.628641530598133,2020-07-05,15.12428934443447
2.4661925420235145,4.17480231565757,3.220434666786157,11.831096735480571,2020-07-06,15.210385666488815
2.4691405780017956,4.073439370054191,3.200809471555686,12.030660109203932,2020-07-07,15.291701110943961
2.477646635384167,3.97155383792594,3.180064094914666,12.225974638668372,2020-07-08,15.368178881303573
2.491596816905021,3.8703212346360285,3.1585287271707165,12.415669638164243,2020-07-09,15.439774446605615
2.5105045517788667,3.7709146773637943,3.1365340708671097,12.598378690848126,2020-07-10,15.506455559479228
2.5335521645446835,3.674489616603663,3.1144079755502085,12.77275807025556,2020-07-11,15.568202231098649
2.5596545485694793,3.5821687604316894,3.092472134051013,12.937505325241919,2020-07-12,15.62500666299604
2.5875390801556186,3.4950274275368662,3.0710388779208033,13.091377699870566,2020-07-13,15.676873135853661
2.615835149936889,3.414079559135728,3.05040810800393,13.233210054442793,2020-07-14,15.723817855558725
2.6431665274765477,3.340264609815449,3.030864394016186,13.361931955369263,2020-07-15,15.765868756966373
2.6682401060664365,3.274435523204094,3.0126742744638997,13.476583610035757,2020-07-16,15.803065265981052
2.689925270870977,3.217347980348337,2.9960837853331532,13.576330338187265,2020-07-17,15.835458020731284
2.707319078581503,3.1696510870778183,2.9813162427510194,13.660475293451558,2020-07-18,15.863108552776966
2.7197935446317456,3.131879641824863,2.968570301325239,13.728470177103869,2020-07-19,15.886088929455376
2.7270225539245954,3.104448097801647,2.9580183061626037,13.77992372054091,2020-07-20,15.904481358633056
2.7289872183505794,3.08764630364119,2.949804952706491,13.814607752556533,2020-07-21,15.918377757296902
2.72595988237745,3.081637075177359,2.9440462645809933,13.832460711630434,2020-07-22,15.927879285576527
2.7184683963459584,3.086455618617848,2.94082889563827,13.833588511188003,2020-07-23,15.933095847950582
2.7072436749644924,3.102010792639817,2.9402097584364997,13.818262716200095,2020-07-24,15.934145563544568
2.693154837715779,3.128088164618556,2.9422159774767946,13.786916041534251,2020-07-25,15.931154207581164
2.6771372597256704,3.1643547849975637,2.946845161756034,13.740135235057963,2020-07-26,15.924254626191383
2.6601195062355947,3.210365574424809,2.954065987587243,13.678651460518584,2020-07-27,15.91358612693891
2.6429552584664844,3.265571191372269,2.963819079245062,13.60332834557072,2020-07-28,15.8992938475469
2.6263658882101053,3.329327224132907,2.97601817185089,13.515147907894644,2020-07-29,15.881528105447847
2.6108983002298154,3.400904530879642,2.99055153804058,13.41519461609943,2020-07-30,15.860443730900418
2.596901117971896,3.479500535304242,3.0072836573959982,13.304637881050017,2020-07-31,15.836199386532787
2.584520403199148,3.5642512735632064,3.0260571053779604,13.184713306503523,2020-08-01,15.808956876277586
2.5737140989710676,3.6542439810312897,3.046694636593677,13.056703054703451,2020-08-02,15.77888044676029
2.5642825197177,3.7485300047826646,3.0690014356714257,12.921915702203911,2020-08-03,15.746136084287315
2.5559107191561505,3.8461378297090523,3.0927675078040155,12.781665973162092,2020-08-04,15.71089081065298
2.5482176286331852,3.9460860125493302,3.1177701801582853,12.63725474129496,2020-08-05,15.673311981045268
2.5408065711773613,4.047395828515514,3.143776684825551,12.489949687445879,2020-08-06,15.63356658737542
2.5333121147640463,4.149103449211053,3.1705467937975964,12.3409669872377,2020-08-07,15.59182057038823
2.5254391290672786,4.250271487606329,3.197835476581821,12.19145438275677,2020-08-08,15.548238143925403
2.516991174921505,4.349999765335839,3.2253955515020007,12.042475963956942,2020-08-09,15.502981134712714
2.5078867670291083,4.447435178839249,3.252980302451208,11.894998949999955,2020-08-10,15.45620834102334
2.4981633932019314,4.541780563170931,3.280346033848466,11.749882718743844,2020-08-11,15.40807491353284
2.487970275288401,4.632302474950247,3.3072545377840052,11.607870284877693,2020-08-12,15.358731761625638
2.4775516170329412,4.718337838238726,3.3334754487956344,11.469582374759694,2020-08-13,15.308324988335958
2.467222484983396,4.799299418492368,3.3587884633786116,11.335514189937001,2020-08-14,15.256995357013864
2.4573395691315514,4.874680109611946,3.3829854031758027,11.206034892811342,2020-08-15,15.204877792686815
2.4482689814927436,4.944056037067444,3.405872102795713,11.081389788229306,2020-08-16,15.152100920954577
2.440353101789335,5.0070884957925115,3.427270105349591,10.961705115257622,2020-08-17,15.09878664709475
2.433878377819724,5.063524754852128,3.447018151058753,10.846995305377844,2020-08-18,15.045049777879605
2.4290459903989268,5.113197771727474,3.4649734466420803,10.737172508152849,2020-08-19,14.99099768840495
2.4259473868761576,5.156024867531368,3.4810127056329248,10.632058134363614,2020-08-20,14.936730036012076
2.424546794309231,5.192005420763511,3.4950329522719246,10.531396120916112,2020-08-21,14.882338523145702
2.424672818197626,5.2212176416599565,3.506952084163099,10.434867582592307,2020-08-22,14.827906710730556
2.4260209784429874,5.243814492172068,3.516709191442078,10.342106483960857,2020-08-23,14.773509883375272
2.4281684236999976,5.260018818595443,3.524264632774986,10.252715941299265,2020-08-24,14.719214967415159
2.4306010587462032,5.270117765325382,3.529599871055903,10.166284749860646,2020-08-25,14.665080502499265
2.4327519698809477,5.274456539628575,3.5327170741968894,10.08240372669898,2020-08-26,14.611156667101096
2.434048491783675,5.273431599119489,3.533638488866351,10.000681463769276,2020-08-27,14.557485357995796
2.433963758054942,5.267483336187252,3.532405597434367,9.920759100157646,2020-08-28,14.504100323401882
2.4320673925090595,5.257088337198738,3.5290780706822735,9.842323745833525,2020-08-29,14.45102734912649
2.428069396182722,5.2427512990576774,3.523732531028461,9.765120221799261,2020-08-30,14.398284496693112
2.421851467742532,5.224996691643206,3.5164611430750936,9.688960822250905,2020-08-31,14.345882392063682
2.4134810497330466,5.204360261646927,3.5073700501818434,9.613732852461743,2020-09-01,14.29382456320094
2.4032052610618897,5.181380481104237,3.4965776774914508,9.53940375046926,2020-09-02,14.24210782434762
2.3914243468405023,5.156590052057052,3.484212923350464,9.466023660022891,2020-09-03,14.190722704541564
2.378647011825487,5.130507586758285,3.470413262366428,9.39372538523451,2020-09-04,14.139653917527166
2.3654325874923208,5.103629590010369,3.4553227843928087,9.32272172245962,2020-09-05,14.088880869881628
2.3523269917424154,5.076422875927677,3.439090194524785,9.253300230550328,2020-09-06,14.03837820384228
2.3398005195498546,5.049317554919379,3.4218667996938756,9.185815565147896,2020-09-07,13.98811637100684
2.328195435044703,5.022700727304823,3.403804507662313,9.12067956453261,2020-09-08,13.938062232782606
2.317690087629962,4.996911017071213,3.3850538641166787,9.058349332177706,2020-09-09,13.888179683189437
2.3082840132171945,4.97223407232487,3.365762153141241,8.999313613105352,2020-09-10,13.838430289371015
2.299805550652872,4.948899147596854,3.346071585606163,8.944077806103625,2020-09-11,13.788773944955054
2.2919403684334725,4.927076867118314,3.3261175989307814,8.893147990673658,2020-09-12,13.739169531210795
2.284276463876035,4.906878247491606,3.3060272902854133,8.847014375285369,2020-09-13,13.689575580802428
2.276359121600671,4.888355033054249,3.2859180035774274,8.80613459139507,2020-09-14,13.639950938817996
2.267748322461213,4.871501368126257,3.2658960885493054,8.770917265231017,2020-09-15,13.590255415674672
2.2580713071576595,4.85625679791578,3.2460558480087123,8.741706296359204,2020-09-16,13.54045042646582
2.2470643341996173,4.84251055502776,3.226478686643941,8.71876625853227,2020-09-17,13.49049961131417
2.2345998454119567,4.830107052348669,3.20723247207657,8.70226931461076,2020-09-18,13.440369431349293
2.2206978374043453,4.818852466791835,3.1883711158040775,8.69228400397338,2020-09-19,13.390029735014307
2.205522748102117,4.8085222633084665,3.169934378524687,8.688766218621298,2020-09-20,13.339454289546723
2.1893691502591084,4.798869476073374,3.15194790106226,8.69155263413855,2020-09-21,13.28862127266067
2.1726406635312783,4.78963353520679,3.134423458762991,8.700356805023816,2020-09-22,13.237513719684905
2.1558265969233523,4.780549404086295,3.117359433871373,8.714768072044167,2020-09-23,13.186119921683863
2.1394799626698098,4.771356775398161,3.1007414970628218,8.734253363670181,2020-09-24,13.134433770406153
2.124198900104943,4.761809064544271,3.084543486065298,8.758161905948436,2020-09-25,13.082455046262503
2.1106115940031738,4.751681937592146,3.0687284662007377,8.785732786977439,2020-09-26,13.030189645935605
2.099362911774355,4.740781118078026,3.053249954768652,8.816105255117746,2020-09-27,12.977649746660363
2.091099642128878,4.7289492327752845,3.0380532885350764,8.848331565802296,2020-09-28,12.924853904687687
2.0864507161712504,4.716071480828086,3.02307711122256,8.881392131816694,2020-09-29,12.871827085949779
2.0859992880464673,4.702079942875581,3.0082549558789444,8.914212677621837,2020-09-30,12.818600627478542
2.09024500873117,4.68695638609443,2.9935168953576388,8.945683050918511,2020-10-01,12.765212128690107
2.09955701466903,4.670733466284635,2.9787912329237427,8.974677305294797,2020-10-02,12.711705272227492
2.114120690896303,4.653494277792754,2.964006204222568,9.000074637303662,2020-10-03,12.658129574650657
2.1338836860711345,4.635370254529972,2.9490916615381124,9.020780740334148,2020-10-04,12.604540067872891
2.1585084768911496,4.616537478821454,2.933980711444416,9.035749126567062,2020-10-05,12.550996912854849
2.187339599814092,4.597211507391442,2.918611277608716,9.044001967302654,2020-10-06,12.497564947687241
2.219393234246923,4.577640873568447,2.9029275616482786,9.044650010939263,2020-10-07,12.444313172800786
2.253375075339784,4.55809946992192,2.886881376553882,9.036911156544251,2020-10-08,12.391314176650853
2.2877295325636995,4.5388780543250205,2.870433329251816,9.020127288765286,2020-10-09,12.338643505804265
2.3207195869722472,4.520275153374945,2.8535538313559585,8.99377901602846,2020-10-10,12.286378983928234
2.350532639631302,4.502587658966363,2.83622392002034,8.9574979976573,2020-10-11,12.234599984718228
2.375403965711834,4.486101425702844,2.8184358739956856,8.911076595630016,2020-10-12,12.183386664311483
2.3937465194039285,4.471082178195497,2.8001936134722003,8.854474641985723,2020-10-13,12.132819159204002
2.40427427742445,4.457767027985637,2.781512875988029,8.787823172106467,2020-10-14,12.082976756117944
2.4061063475954567,4.446356880070386,2.7624211645444285,8.711425035875484,2020-10-15,12.033937040652077
2.39884075856423,4.437009979431568,2.7429574680225874,8.625752361687793,2020-10-16,11.98577503187419
2.382589997665953,4.4298368095654945,2.7231717579703254,8.531440911086346,2020-10-17,11.938562310296708
2.357974565714597,4.424896509100831,2.7031242697559312,8.429281423092807,2020-10-18,11.892366146890257
2.32607549854466,4.422194920782702,2.6828845798942114,8.320208105828309,2020-10-19,11.847248640947527
2.2883513193219334,4.421684331210247,2.6625304949672457,8.20528448761895,2020-10-20,11.803265874699452
2.2465286129441955,4.423264901726209,2.6421467709281936,8.085686889388493,2020-10-21,11.76046709261157
2.2024778573770414,4.426787732823458,2.6218236846208667,7.962685823853873,2020-10-22,11.718893913239384
2.158087010702775,4.432059448398977,2.601655482016426,7.837625664088062,2020-10-23,11.678579581416582
2.115144586898543,4.438848134150767,2.581738729917904,7.711902953793799,2020-10-24,11.639548268355925
2.0752417571946644,4.4468904181906,2.5621705996585886,7.586943753719515,2020-10-25,11.601814426999377
2.039699797845687,4.455899443169721,2.5430471125942713,7.464180432773424,2020-10-26,11.56538220962752
2.009525517538101,4.465573449225053,2.5244613779423855,7.345028318465867,2020-10-27,11.530244954351787
1.9853937288715504,4.475604666880774,2.5065018537253283,7.230862619414542,2020-10-28,11.496384746665518
1.9676529101846418,4.485688209374632,2.4892506612368877,7.122996023003049,2020-10-29,11.463772061707907
1.9563483219335844,4.495530655010337,2.4727819825705692,7.022657354274518,2020-10-30,11.432365492331835
1.9512561758447822,4.504858022005806,2.4571605693440963,6.930971658284619,2020-10-31,11.402111567436519
1.9519229591135168,4.513422860468187,2.4424403888483894,6.848942038037425,2020-11-01,11.372944664351186
1.9577054391526119,4.521010217768905,2.428663431480566,6.777433544536849,2020-11-02,11.344787018343093
1.96780881858797,4.527442273618126,2.415858700532029,6.71715937518158,2020-11-03,11.317548831556367
1.9813225123596188,4.532581488134181,2.4040414022422114,6.668669592602599,2020-11-04,11.291128482908503
1.9972546419386794,4.536332158558416,2.393212350566007,6.632342528995671,2020-11-05,11.265412839654841
2.014567257115294,4.5386403361776875,2.3833575973840153,6.608378991936146,2020-11-06,11.240277670487869
2.0322143410908295,4.539492112601206,2.3744482950028627,6.59679933759683,2020-11-07,11.21558815921188
2.0491838574588463,4.538910341840696,2.3664407937975245,6.597443427043715,2020-11-08,11.191199517161285
2.0645436623487754,4.536949919754962,2.3592769738258434,6.609973431850613,2020-11-09,11.166957691704445
2.077489365563072,4.533691793503738,2.352884805270761,6.633879407461241,2020-11-10,11.142700167319385
2.0873905747523644,4.529235919030353,2.347179128702978,6.6684875073251915,2020-11-11,11.118256854927631
2.0938307715816986,4.523693422745736,2.3420626424846205,6.7129706686279045,2020-11-12,11.093451064359224
2.0966356328290177,4.517178253295391,2.33742708121576,6.7663615620044535,2020-11-13,11.06810055407891
2.095885064235012,4.509798629547994,2.3331545660172845,6.827567563613126,2020-11-14,11.042018651567032
2.0919055368749593,4.501648601108558,2.3291191047085795,6.895387478757572,2020-11-15,11.015015437083626
2.0852413241157617,4.492800037369382,2.325188217613403,6.96852972233156,2020-11-16,10.986898982912827
2.0766056313637407,4.483295350361616,2.321224662855308,7.045631642917458,2020-11-17,10.957476639623765
2.066815027823311,4.473141235776788,2.317088233618037,7.1252796646599075,2020-11-18,10.92655636038696
2.056712669528643,4.462303686118755,2.312637598957241,7.206029914073872,2020-11-19,10.89394805394308
2.04708725084189,4.450704490962665,2.3077321593683,7.286428997730992,2020-11-20,10.85946495647073
2.0385952533637255,4.4382193929258404,2.302233888456627,7.365034601198033,2020-11-21,10.822925012315462
2.0316938275035636,4.424678015635308,2.2960091326784036,7.440435589433723,2020-11-22,10.78415225333688
2.0265906264252402,4.409865623312132,2.2889303422425216,7.511271303830282,2020-11-23,10.742978166514812
2.0232153054040736,4.393526712347852,2.280877707820202,7.576249770794515,2020-11-24,10.699243039416686
2.021215456194019,4.37537037525617,2.2717406796915722,7.634164560806122,2020-11-25,10.652797273178864
2.019977731875863,4.355077318514229,2.261419348304518,7.683910064729716,2020-11-26,10.603502652781993
2.0186730603445358,4.332308359913027,2.2498256678856374,7.724494985225958,2020-11-27,10.551233564632394
2.016323294403215,4.3067141798770345,2.236884507676767,7.755053874858742,2020-11-28,10.4958781517409
2.011885456918455,4.2779460564209675,2.2225345184968948,7.774856588210269,2020-11-29,10.437339397192863
2.0043488706704355,4.2456672764393195,2.2067288056061636,7.7833155524341535,2020-11-30,10.375536127047834
1.9928398065583135,4.209564888087151,2.189435402192029,7.779990798461591,2020-12-01,10.310403924346298
1.976727707786906,4.169361441063525,2.170637541158858,7.764592732892776,2020-12-02,10.241895946506391
1.9557264446458378,4.124826354309656,2.150333726210865,7.736982667832065,2020-12-03,10.169983639057396
1.9299833917451699,4.075786554307926,2.1285376064093366,7.697171161859678,2020-12-04,10.09465733938922
1.9001484718940178,4.022136041819659,2.105277661421122,7.64531425948162,2020-12-05,10.015926764982316
1.8674148694162085,3.9638440701944733,2.080596707470484,7.581707748112324,2020-12-06,9.933821381405584
1.8335231667333856,3.900961653634716,2.054551236563626,7.506779580524933,2020-12-07,9.848390646249138
1.8007215308619984,3.833626168042383,2.0272106037731943,7.42108063620948,2020-12-08,9.75970412606098
1.7716765680941053,3.7620638590169024,1.9986560792832584,7.325274016952826,2020-12-09,9.667851484281746
1.749332753804149,3.6865901297225467,1.968979783420498,7.220123089813107,2020-12-10,9.5729423391354
1.7367229094058774,3.6076075439290802,1.9382835240595122,7.106478504336323,2020-12-11,9.475105991376795
1.7367377651577902,3.5256015447186653,1.9066775565580896,6.98526442022383,2020-12-12,9.374491022774508
1.7518686733068227,3.4411339551359,1.8742792867636078,6.857464186613462,2020-12-13,9.271264767156078
1.7839432494250689,3.3548343914461367,1.8412119376282827,6.7241057147767584,2020-12-14,9.165612656789811
1.8338782122634085,3.26738978066808,1.807603199621298,6.586246782419183,2020-12-15,9.057737447806725
1.90147605534017,3.1795322298039235,1.7735838844079435,6.444960500123562,2020-12-16,8.94785832925036
1.985291668584752,3.0920255429366934,1.739286600261667,6.30132115905236,2020-12-17,8.836209921216064
2.082591205693638,3.005650722630801,1.7048444663629378,6.156390664142836,2020-12-18,8.72304116835155
2.1894183739813893,2.921190822570384,1.6703898816091933,6.011205739099938,2020-12-19,8.608614135759048
2.3007734228486907,2.839415538176607,1.6360533618014192,5.866766068937713,2020-12-20,8.493202715059379
2.410898421797244,2.7610659304408665,1.6019624571879598,5.724023523115927,2020-12-21,8.377091249030684
2.5136503230155416,2.6868396751502486,1.5682407603221704,5.583872577983231,2020-12-22,8.260573083820033
2.6029323655587437,2.6173772151807917,1.5350070121070465,5.447142031798764,2020-12-23,8.143949058249431
2.673146131133585,2.5532491680611638,1.5023743118117086,5.314588079557292,2020-12-24,8.027525940183194
2.7196222616291643,2.4949453054257713,1.470449434749904,5.186888788770377,2020-12-25,7.911614820289351
2.738988265145203,2.4428653763669743,1.4393322593018172,5.064639991700311,2020-12-26,7.796529473823768
2.729437112678258,2.3973119945749772,1.4091153030407648,4.948352584840278,2020-12-27,7.682584701265316
2.690869934210354,2.3584857510875503,1.3798833659445702,4.838451203084221,2020-12-28,7.570094658769088
2.6248989264715115,2.326482652368486,1.3517132770452638,4.735274214456157,2020-12-29,7.4593711894381665
2.534711005609983,2.3012939192067012,1.3246737394511616,4.639074961787488,2020-12-30,7.350722166384175
2.424806982468568,2.282808117569097,1.2988252674271221,4.550024160649332,2020-12-31,7.244449858425246
2.300643360124227,2.2708155300388024,1.2742202082276912,4.468213348357116,2021-01-01,7.140849329066861
2.1682128032790358,2.265014617715402,1.2509028405847986,4.393659267127859,2021-01-02,7.040206879147602
2.0336039495026133,2.2650203691567308,1.2289095411929276,4.326309055570784,2021-01-03,6.942798543162893
1.9025811700249005,2.270374286676141,1.208269010210182,4.266046116631751,2021-01-04,6.848888648874825
1.7802204102403345,2.2805557223182826,1.1890025466696372,4.2126965268421035,2021-01-05,6.758728449317568
1.6706291590358346,2.2949942471251306,1.1711243647923533,4.166035851154589,2021-01-06,6.67255483575547
1.576768117410103,2.313082718541019,1.1546419424529328,4.125796229577639,2021-01-07,6.590589139548299
1.500380666657997,2.3341907022992032,1.1395563935012492,4.091673606060572,2021-01-08,6.513036030207991
1.4420251762428533,2.3576779068751925,1.125862856219698,4.063334976400742,2021-01-09,6.440082516222654
1.401195755808371,2.3829073002589105,1.1135508908970746,4.040425539985488,2021-01-10,6.37189705448075
1.3765101351887834,2.4092575996752235,1.1026048802966946,4.022575649754102,2021-01-11,6.308628773330205
1.3659394417079338,2.4361348540723773,1.0930044276464208,4.009407465438713,2021-01-12,6.250406813507793
1.367053814457854,2.462982875478711,1.0847247476906843,4.000541226691104,2021-01-13,6.197339790323639
1.3772597612416317,2.489292317313195,1.0777370472318688,3.9956010747711552,2021-01-14,6.149515379644796
1.3940093533424687,2.5146082439057054,1.0720088925048963,3.994220363754873,2021-01-15,6.107000029361701
1.4149670197432789,2.5385360842048073,1.0675045615796424,3.9960464145127763,2021-01-16,6.069838797147161
1.4381260380540577,2.560745912266393,1.064185380789182,4.000744676662193,2021-01-17,6.038055314475818
1.461873056919894,2.5809750460426373,1.0620100449263994,4.008002275206406,2021-01-18,6.011651876011907
1.4850044769238404,2.5990290026339817,1.0609349215768444,4.01753092939306,2021-01-19,5.990609652645028
1.506702789012191,2.6147808911911166,1.0609143405180872,4.029069241344246,2021-01-20,5.974889025649308
1.526483742207078,2.6281693627814726,1.0619008695402243,4.042384361139902,2021-01-21,5.964430038651813
1.544126401673131,2.6391952687894156,1.0638455783692256,4.05727304320809,2021-01-22,5.959152963358799
1.5595978543488465,2.6479172050494872,1.0666982925911621,4.073562116045016,2021-01-23,5.958958974271958
1.5729827535410283,2.6544461373617345,1.0704078395651975,4.091108393538186,2021-01-24,5.963730926961119
1.5844253976042793,2.6589393151489302,1.0749222883111804,4.109798061412434,2021-01-25,5.973334233844704
1.5940889994965834,2.66159368375587,1.0801891852547123,4.129545576745736,2021-01-26,5.987617830858676
1.6021336266034945,2.662639002592174,1.0861557875033752,4.1502921220877065,2021-01-27,6.006415227876049
1.6087113521330376,2.6623308664885377,1.0927692950707861,4.172003658619101,2021-01-28,6.029545635287084
1.6139747803410742,2.6609438120091515,1.0999770831169955,4.194668625021178,2021-01-29,6.056815158750554
1.6180935215365144,2.6587646699657643,1.1077269348875025,4.21829533046301,2021-01-30,6.088018053777835
1.621272527994485,2.6560863010096787,1.115967275627204,4.242909091375251,2021-01-31,6.122938031556278
1.6237664732818675,2.653201824134997,1.12464740728107,4.268549162549942,2021-02-01,6.161349607179875
1.6258854681563157,2.6503994193192124,1.1337177433836456,4.2952655136566,2021-02-02,6.20301948132757
1.6279891613654425,2.647957756600975,1.1431300430811477,4.3231155025626595,2021-02-03,6.247707946328367
1.6304684057433667,2.6461420757404976,1.1528376428476486,4.35216049680213,2021-02-04,6.29517030753348
1.6337158719606624,2.6452009143186324,1.162795684076074,4.382462494334466,2021-02-05,6.345158310955084
1.6380889564293608,2.645363458622752,1.1729613344203738,4.414080794190297,2021-02-06,6.3974215682241615
1.6438697867792693,2.646837471740363,1.1832940004982166,4.44706876679123,2021-02-07,6.451708970078915
1.6512278813933474,2.6498077375495743,1.1937555293753845,4.481470772582121,2021-02-08,6.507770079807907
1.6601909699816941,2.6544349481694693,1.2043103961362283,4.517319276075771,2021-02-09,6.565356498333771
1.6706286415368639,2.6608549561487775,1.2149258747906981,4.554632200437057,2021-02-10,6.6242231929435125
1.682251973383595,2.669178311218583,1.225572189805882,4.593410565260136,2021-02-11,6.684129782034913
1.6946303200744497,2.679490004642349,1.2362226456480034,4.63363644718081,2021-02-12,6.744841768650209
1.7072242744342487,2.6918493516701556,1.246853731904936,4.675271299388837,2021-02-13,6.806131716025938
1.7194317492158002,2.706289953803877,1.2574452017968443,4.718254661871538,2021-02-14,6.8677803588654545
1.7306424431970302,2.722819696786393,1.2679801221931377,4.762503289424952,2021-02-15,6.929577644558184
1.7402948710565465,2.741420756661303,1.278444893614847,4.8079107190176025,2021-02-16,6.991323699118686
1.7479297872845176,2.762049603955762,1.2888292391047478,4.854347292079179,2021-02-17,7.0528297131860445
1.7532342531107625,2.7846370141270596,1.2991261612924,4.901660640752354,2021-02-18,7.113918744012032
1.7560717089780957,2.8090881098655496,1.3093318674506715,4.949676640145473,2021-02-19,7.174426429974296
1.7564950585596057,2.8352824767875644,1.3194456628219493,4.998200821301898,2021-02-20,7.234201614763755
1.7547417131347063,2.863074407561824,1.3294698129879023,5.047020232021275,2021-02-21,7.29310687902187
1.7512115270327397,2.8922933398676394,1.3394093765366502,5.095905725012136,2021-02-22,7.351018977825328
1.7464303248479949,2.9227445601223727,1.3492720097528386,5.144614645256854,2021-02-23,7.407829183038459
1.741003073875754,2.954210247175168,1.3590677455088158,5.192893881070636,2021-02-24,7.463443530179683
1.7355615585745092,2.9864509278475717,1.3688087489388532,5.2404832363299185,2021-02-25,7.517782970044441
1.7307116231164716,3.019207409201495,1.3785090528600779,5.287119074868373,2021-02-26,7.570783425933149
1.7269847053941145,3.052203240849172,1.3881842762268581,5.332538182252397,2021-02-27,7.62239575790206
1.7247976048199294,3.085147744779868,1.3978513291810986,5.376481785200186,2021-02-28,7.672585636021447
1.7244233658269559,3.1177396305904956,1.4075281084757827,5.41869966490877,2021-03-01,7.721333325150954
1.7259749914012206,3.149671191321795,1.4172331872106447,5.458954297635402,2021-03-02,7.768633384252919
1.729402580237489,3.1806330502192184,1.4269855029113807,5.497024954089306,2021-03-03,7.814494283747949
1.7345035183938133,3.210319402569383,1.4368040480228323,5.532711688601538,2021-03-04,7.858937944851988
1.74094460565141,3.2384336704456,1.446707566849926,5.565839149690152,2021-03-05,7.9019992052602035
1.748294454871039,3.2646944627933046,1.4567142629005319,5.596260145489419,2021-03-06,7.943725215905649
1.7560641200471867,3.2888417099977465,1.466841520434086,5.6238589005693775,2021-03-07,7.9841747738770135
1.7637536115125942,3.3106428219483095,1.4771056438206769,5.648553944847097,2021-03-08,8.023417596860359
1.7709016717066932,3.3298987027143747,1.4875216180594204,5.670300580528708,2021-03-09,8.061533544746343
1.7771358642650223,3.346449444150463,1.4981028935183502,5.689092879179654,2021-03-10,8.09861179425644
1.7822196688371212,3.360179515794863,1.5088611976076005,5.704965168019417,2021-03-11,8.13474997261812
1.7860929214034278,3.371022269851287,1.5198063757408877,5.717992972197646,2021-03-12,8.170053256461783
1.7889016903222696,3.378963588144209,1.5309462635218352,5.728293388003262,2021-03-13,8.20463344219523
1.7910136596181676,3.384044512751069,1.5422865916861492,5.736024870544908,2021-03-14,8.238607994181585
1.7930154388792983,3.386362723368404,1.5538309248742666,5.741386428222969,2021-03-15,8.272099077040345
1.7956890473848321,3.386072751815558,1.5655806348669055,5.744616225203884,2021-03-16,8.305232578373438
1.7999661904241928,3.3833848567506237,1.577534908457828,5.745989601882114,2021-03-17,8.338137128151306
1.8068608417945682,3.3785625186677652,1.5896907896767414,5.745816531926411,2021-03-18,8.370943120878314
1.8173829572575224,3.371918555382993,1.602043255635345,5.744438542745435,2021-03-19,8.403781746531067
1.832438660238239,3.3638099001762454,1.614585324822836,5.742225134034345,2021-03-20,8.436784036067916
1.8527246688504653,3.35463112710286,1.6273081962602105,5.739569736340749,2021-03-21,8.470079927109374
1.8786267216122976,3.344806849149372,1.6402014175196054,5.736885258246204,2021-03-22,8.503797355147672
1.9101329456609477,3.3347831534449397,1.6532530792403968,5.734599276749903,2021-03-23,8.538061375363474
1.9467731775060906,3.3250182721389576,1.6664500334239996,5.73314893068124,2021-03-24,8.57299331984019
1.9875939779411558,3.3159727164887958,1.6797781324763412,5.73297558144021,2021-03-25,8.608709994645618
2.03117642323212,3.3080991240485256,1.6932224856895108,5.734519309043305,2021-03-26,8.645322920892204
2.0756998439006655,3.301832083577594,1.706767729599188,5.738213314287476,2021-03-27,8.682937623548082
2.1190498678721266,3.2975782088501893,1.720398308474759,5.744478299858907,2021-03-28,8.721652971368465
2.1589639396865983,3.2957067304242496,1.734098761018104,5.7537169043665894,2021-03-29,8.761560570947356
2.1932025930860495,3.296540863686188,1.7478540092397914,5.766308263582159,2021-03-30,8.802744217462234
2.2197308505602216,3.3003501923242267,1.7616496454229194,5.782602772619225,2021-03-31,8.84527940429438
2.2368918410342173,3.3073442793715815,1.7754722130357967,5.802917121351087,2021-04-01,8.889232893275164
2.2435545169407107,3.3176676840336095,1.7893094775071092,5.82752967309306,2021-04-02,8.934662346897614
2.239219394885965,3.3313965227517817,1.803150682826606,5.856676253424796,2021-04-03,8.981616023417596
2.22407039663832,3.3485366687537264,1.8169867900667112,5.890546412018788,2021-04-04,9.030132535327871
2.198966661313288,3.36902363721623,1.8308106940795144,5.929280215469337,2021-04-05,9.080240671324091
2.165374898434579,3.392724154725276,1.8446174148422423,5.972965623429439,2021-04-06,9.131959281429513
2.125249555911168,3.4194393636601648,1.8584042601777635,6.021636493808304,2021-04-07,9.185297224588739
2.080873865209,3.4489095660698363,1.872170956879488,6.0752712554896995,2021-04-08,9.240253377648733
2.034678903210033,3.4808203690823865,1.885919747616472,6.133792278947703,2021-04-09,9.296816704287117
1.9890596387124186,3.5148100563333244,1.8996554513745822,6.197065966377133,2021-04-10,9.354966382091932
1.9462063180284532,3.550477978418722,1.9133854856032821,6.264903573605306,2021-04-11,9.414671985693577
1.907966667211336,3.5873937310083956,1.9271198486955798,6.337062766127848,2021-04-12,9.475893723516736
1.8757497608501428,3.6251068725473825,1.940871061900876,6.413249901319187,2021-04-13,9.53858272545955
1.850476780833135,3.6631569248292672,1.9546540702692778,6.493123018280261,2021-04-14,9.602681378542037
1.832578120274054,3.701083399205499,1.9684861027530016,6.5762955060470905,2021-04-15,9.668123707329194
1.822031194330319,3.7384355984505975,1.9823864921109489,6.662340410206798,2021-04-16,9.734835795732955
1.8184295451286703,3.7747819589019693,1.9963764558069381,6.750795327470165,2021-04-17,9.802736246622699
1.8210717513999573,3.809718718557889,2.010478839627785,6.84116782768176,2021-04-18,9.871736675507858
1.8290583489151029,3.842877723388713,2.0247178262696544,6.932941333260051,2021-04-19,9.941742234458337
1.8413862224829238,3.8739332150369603,2.03911861166873,7.025581377379311,2021-04-20,10.01265216229935
1.8570323117711065,3.902607477073809,2.0537070523373937,7.118542154527623,2021-04-21,10.084360357099762
1.8750214303165094,3.92867525275548,2.0685092874308126,7.2112732705957985,2021-04-22,10.156755966879375
1.8944759717357877,3.9519668834667234,2.0835513397120975,7.303226594524104,2021-04-23,10.229723994508152
1.9146478052068012,3.972370152515947,2.0988586999535905,7.393863109937827,2021-04-24,10.303145912741677
1.9349344446134373,3.9898308525616,2.1144558996660123,7.482659663305171,2021-04-25,10.376900285412992
1.9548825087648858,4.004352125657277,2.1303660773249486,7.569115504963692,2021-04-26,10.450863390863816
1.9741816535233485,4.015992651995862,2.1466105434820086,7.652758521046226,2021-04-27,10.524909843780923
1.992651765822677,4.024863786246914,2.1632083503132398,7.733151057910745,2021-04-28,10.598913211740642
2.0102255454775237,4.031125758564471,2.180175871243063,7.809895246060642,2021-04-29,10.672746622898437
2.026927935632647,4.034983070750352,2.1975263962880085,7.882637737784659,2021-04-30,10.746283361416586
2.042853397742002,4.036679226675476,2.215269748716125,7.951073781694325,2021-05-01,10.819397447406423
2.0581418542976775,4.0364909401579165,2.23341192847232,8.014950567855484,2021-05-02,10.891964198365327
2.0729542193840897,4.03472196340968,2.2519547876030996,8.074069789162444,2021-05-03,10.963860769290998
2.0874486892507176,4.031696675431554,2.2708957426348353,8.12828937772139,2021-05-04,11.034966668880276
2.101759212184158,4.027753562916112,2.2902275284861213,8.177524389110895,2021-05-05,11.105164249471343
2.1159776463848057,4.023238716952648,2.30993799806658,8.2217470221541,2021-05-06,11.174339168610576
2.130140949316897,4.018499457843679,2.3300099712170965,8.26098577694857,2021-05-07,11.242380820401673
2.144224309696132,4.013878188136129,2.3504211360877107,8.295323769182412,2021-05-08,11.309182735033156
2.15814050969063,4.009706561319702,2.371144005436834,8.324896233674973,2021-05-09,11.374642945155049
2.1717451304787003,4.006300040880526,2.3921459296853635,8.349887264553725,2021-05-10,11.438664318027243
2.1848466516677405,4.0039529120907815,2.413389167866408,8.370525853009957,2021-05-11,11.501154852638338
2.197220178592362,4.002933797294565,2.4348310168870047,8.38708129598671,2021-05-12,11.562027941223748
2.208623523894087,4.0034817147731445,2.4564239987959633,8.399858060125775,2021-05-13,11.621202594907048
2.218814638463294,4.005802711647605,2.478116104997082,8.409190194631416,2021-05-14,11.678603633388805
2.227569808220914,4.01006709266395,2.499851095623171,8.415435394181403,2021-05-15,11.734161838886502
2.2347024245989395,4.016407259140399,2.521568851546827,8.418968818439097,2021-05-16,11.787814074736279
2.2400823092964157,4.024916165561693,2.543205775834278,8.420176778082984,2021-05-17,11.839503369286339
2.2436553927377343,4.0356463952132655,2.564695240756656,8.419450398372925,2021-05-18,11.889178965929148
2.2454629791222995,4.048609850620739,2.585968075888985,8.417179370217871,2021-05-19,11.936796340302783
2.2456589762614585,4.063778049125541,2.6069530922473985,8.413745895478645,2021-05-20,11.982317185869093
2.2445225426209507,4.081083008617251,2.6275776369344515,8.409518927899398,2021-05-21,12.025709369249165
2.242462899971512,4.100418702961446,2.647768172335798,8.40484880383394,2021-05-22,12.066946856826068
2.2400128760983007,4.121643061041772,2.667450873563558,8.400062347864864,2021-05-23,12.106009614269341
2.2378083017297143,4.144580477371845,2.6865522375899724,8.395458527851234,2021-05-24,12.142883480743599
2.236551767341668,4.169024796109108,2.704999697337547,8.391304722042642,2021-05-25,12.177560019652804
2.236961340794056,4.194742723925717,2.7227222339072106,8.387833647957907,2021-05-26,12.210036347858154
2.2397073616294865,4.221477620819387,2.7396509801416973,8.385240989095362,2021-05-27,12.240314945357591
2.245342927720315,4.248953611698441,2.7557198088206443,8.383683741432163,2021-05-28,12.268403447470897
2.254235681746037,4.276879955684309,2.7708658989707136,8.383279287463871,2021-05-29,12.294314421587298
2.2665095395837134,4.304955604805555,2.7850302740566275,8.384105191544668,2021-05-30,12.318065130544714
2.2820047739431253,4.332873879324062,2.798158306174792,8.386199696723406,2021-05-31,12.339677284713527
2.300263284628519,4.360327183641676,2.810200180815631,8.389562890550465,2021-06-01,12.359176784818068
2.320543109681749,4.387011684745672,2.821111317254033,8.394158495555555,2021-06-02,12.376593457507347
2.341862644164908,4.412631874718053,2.830852740209855,8.399916229644768,2021-06-03,12.391960785635488
2.3630711817927357,4.436904940024269,2.83939139903487,8.406734672580807,2021-06-04,12.405315635131313
2.3829388855767952,4.459564863262169,2.846700431344064,8.41448456727761,2021-06-05,12.416697980294265
2.400256683401189,4.480366187761959,2.8527593687224826,8.423012478878114,2021-06-06,12.426150629240752
2.413935277520629,4.499087381823722,2.8575542828374396,8.432144730596255,2021-06-07,12.433718951145643
2.4230926373976054,4.515533747396148,2.8610778710457607,8.441691533129845,2021-06-08,12.439450606819234
2.427120950462242,4.529539827378769,2.8633294813004158,8.451451224034608,2021-06-09,12.443395284049926
