"date","family","colleagues","friends","strangers","nrow","total"
2020-05-16,1.1349733805783273,1.539432076794519,1.13224941206645,4.525545004176917,574.5714285714286,8.332199873616213
2020-05-17,1.1828830398920023,1.5740712711982663,1.2120630766627232,4.749087646714215,554.2857142857143,8.718105034467206
2020-05-18,1.2554981037647348,1.6021314523259327,1.288213715390049,4.892657880161749,561.2857142857143,9.038501151642464
2020-05-19,1.3549743154066065,1.5081321719590937,1.2936918917051536,5.408273795259977,572.4285714285714,9.565072174330831
2020-05-20,1.4580584831472625,1.4354138216071557,1.3390492824060558,4.7608721892324155,568.7142857142857,8.99339377639289
2020-05-21,1.4856526533454624,1.4240213127964023,1.3915329264660894,4.867575111365125,587.7142857142857,9.168782003973078
2020-05-22,1.4985570072534882,1.4116331996564095,1.4467706886456246,4.825078504399204,584.8571428571429,9.182039399954727
2020-05-23,1.545590918851192,1.462553926199058,1.5251137842048954,4.9561259680877585,565.8571428571429,9.489384597342902
2020-05-24,1.5856373722151464,1.5104295982069915,1.5893577426578414,5.319620931290429,585.1428571428571,10.005045644370409
2020-05-25,1.5383469836670893,1.5469216558852958,1.5951318955567995,5.343147034342217,591.8571428571429,10.0235475694514
2020-05-26,1.482011235205025,1.6410300176989208,1.5946627226244687,4.867885425775346,591.5714285714286,9.58558940130376
2020-05-27,1.4257174199690066,1.7948668414142301,1.666408432904219,5.349620453483267,656.7142857142857,10.236613147770722
2020-05-28,1.4293545891223824,1.8215918171187977,1.7106725671293377,5.23484954511992,666.7142857142857,10.196468518490438
2020-05-29,1.5260825339020754,1.7528609894475728,1.782015598552455,5.402488887655305,811.8571428571429,10.463448009557409
2020-05-30,1.5931427245121839,1.746824909677019,1.826767961649088,5.222963292556708,856.7142857142857,10.389698888395
2020-05-31,1.5960280891843686,1.7427938235583613,1.8033059452635865,4.783284263050169,910.1428571428571,9.925412121056484
2020-06-01,1.6211230108739747,1.7403915610219687,1.8455106785973923,4.736701798061396,1005.5714285714286,9.94372704855473
2020-06-02,1.5980929832054147,1.7662536842198715,1.885926813736463,4.725536747821117,1056.4285714285713,9.975810228982867
2020-06-03,1.6586150331659286,1.6370261305274607,1.8543956967799335,4.544025819329848,1056.7142857142858,9.69406267980317
2020-06-04,1.6829760386803942,1.6465445957593257,1.8455130089104919,4.727280271617275,1142.142857142857,9.902313914967488
2020-06-05,1.612182428181564,1.8321315506230191,1.8260295613919053,5.008625218984204,1079.0,10.278968759180694
2020-06-06,1.5618116887870581,1.974869382890836,1.856765430148309,5.197534301393246,1065.142857142857,10.590980803219448
2020-06-07,1.5609176291114484,2.0451262813683355,1.869664577318328,5.105167292145299,1053.142857142857,10.58087577994341
2020-06-08,1.5620852978602022,2.127982688982997,1.9131526383472244,5.332923968359123,1025.0,10.936144593549544
2020-06-09,1.6072459897689804,2.1928707022728102,2.0222789963837675,5.59065062005527,997.0,11.413046308480828
2020-06-10,1.6038541798488415,2.3845069509512746,2.1762489541890675,5.917904402985731,949.1428571428571,12.082514487974915
2020-06-11,1.6650593290375075,2.3986288025108853,2.37128509859851,5.9729895469374155,844.4285714285714,12.40796277708432
2020-06-12,1.7069239592069168,2.3822555517763324,2.5071291823091224,5.997648149594659,761.8571428571429,12.59395684288703
2020-06-13,1.7637450502169474,2.3722219357168792,2.6195847068036975,5.916930642032737,747.2857142857143,12.672482334770262
2020-06-14,1.7946512415683091,2.436215440000357,2.69062236834575,6.10602600654162,692.0,13.027515056456036
2020-06-15,1.8355142965688478,2.504591155944001,2.706501105310918,6.2026506238931365,643.0,13.249257181716903
2020-06-16,1.8447216377194648,2.450222690615315,2.7247990434021503,6.434430801413009,606.5714285714286,13.454174173149939
2020-06-17,1.8660494475657114,2.558853840138493,2.8056157905028454,6.682921831003618,559.1428571428571,13.913440909210667
2020-06-18,1.806671461665616,2.6434028485583467,2.7772499701665674,6.427231020535799,492.0,13.654555300926331
2020-06-19,1.8167636032948662,2.7044910973658243,2.7532850079284055,6.884207224970692,535.0,14.158746933559787
2020-06-20,1.8382742186748353,2.6469547744017157,2.759680840872252,6.854628834527769,561.8571428571429,14.099538668476571
2020-06-21,1.9063590746023744,2.6589419891704815,2.9404138070649872,6.9283475276260145,568.0,14.434062398463857
2020-06-22,1.9692952964300676,2.614457527137874,3.063201357717541,6.697129630164402,545.7142857142857,14.344083811449881
2020-06-23,1.99744452239195,2.687304174562915,3.147377108498735,6.38365611920383,534.5714285714286,14.215781924657433
2020-06-24,2.0144691599623346,2.616785180448415,3.2001325927148936,6.397022064833018,578.5714285714286,14.228408997958661
2020-06-25,2.1016083344685534,2.613782913628971,3.3389939128267336,6.734160429375167,658.5714285714286,14.788545590299426
2020-06-26,2.1530462050602,2.568826126406488,3.354180462703911,6.4228721953162315,628.0,14.498924989486833
2020-06-27,2.1385874211161444,2.635472879812973,3.3335948371493416,6.689643699440913,614.0,14.797298837519373
2020-06-28,2.100119526100366,2.621276708664136,3.238263150577804,6.797330556209404,638.2857142857143,14.756989941551709
2020-06-29,2.0381078518839675,2.5784408469306364,3.1652131602049787,7.0427500476918885,629.1428571428571,14.82451190671147
2020-06-30,2.046127763388392,2.5593823335413712,3.107766458676419,7.1609512601961995,665.1428571428571,14.87422781580238
2020-07-01,2.0189852843551814,2.499204048744306,2.9887079638943317,6.9249885808380585,683.5714285714286,14.431885877831876
2020-07-02,1.9486787793578324,2.4687194708762457,2.840809784236036,7.052069112023446,700.0,14.31027714649356
2020-07-03,1.9177480956396924,2.4282956090238126,2.815821271007104,7.284484460902209,683.8571428571429,14.446349436572818
2020-07-04,1.9007251700136034,2.31110880217755,2.802813234931484,7.35954755488577,633.2857142857143,14.374194762008406
2020-07-05,1.8656176755390206,2.1827382978576786,2.7043081113630696,7.7632871570557525,603.1428571428571,14.515951241815523
2020-07-06,1.9009727981034457,2.157507086579956,2.7102567510326394,7.694163215838787,613.4285714285714,14.462899851554829
2020-07-07,1.9121456656170572,2.0153640379316893,2.6670509210187334,7.898737396195636,591.5714285714286,14.493298020763117
2020-07-08,1.942711638370769,2.025577295896746,2.6837258789247493,8.62142140704167,563.5714285714286,15.273436220233934
2020-07-09,1.9858669802683881,1.96690558161781,2.614370272574596,8.795889633277861,540.2857142857143,15.363032467738654
2020-07-10,1.9750314265346989,1.893734849910493,2.63732579624748,8.933882391356702,552.0,15.439974464049373
2020-07-11,1.9933178634169975,1.861479894421837,2.622571605237752,9.11258274690248,616.1428571428571,15.589952109979066
2020-07-12,2.067391040710514,1.7602961440855442,2.644487128509207,9.365514681258144,620.5714285714286,15.837688994563408
2020-07-13,2.0860702732008525,1.7081138697865161,2.5858770943415084,10.066146157043866,623.8571428571429,16.446207394372742
2020-07-14,2.125534508354394,1.717656422702893,2.5967617448954883,10.367499792477364,656.8571428571429,16.807452468430142
2020-07-15,2.1076398622256898,1.563310511676612,2.560512838075957,10.238180532712152,669.4285714285714,16.469643744690412
2020-07-16,2.121339418868362,1.5512645241179501,2.651175349960005,10.33071520693673,655.4285714285714,16.654494499883047
2020-07-17,2.152293639205653,1.5205783284389278,2.655705492223288,10.223531620556587,650.5714285714286,16.552109080424454
2020-07-18,2.187139643510034,1.5069019789167997,2.6753273845230368,10.131992143940476,612.2857142857143,16.501361150890343
2020-07-19,2.1811784127495164,1.5785535655104024,2.665617375036043,10.494781178674202,634.1428571428571,16.920130531970162
2020-07-20,2.232830326738423,1.5382343106107303,2.7330827689952106,10.097929522263128,636.2857142857143,16.60207692860749
2020-07-21,2.2013400494680946,1.5271266791523497,2.713611792198695,10.664217486724272,614.5714285714286,17.106296007543413
2020-07-22,2.2271631946000894,1.4971581816862491,2.6648861858195807,10.287608564777907,629.0,16.67681612688383
2020-07-23,2.2388441198707882,1.538052443277887,2.6874038639365554,10.096894541614873,630.1428571428571,16.561194968700104
2020-07-24,2.2193985288447573,1.5962983551736927,2.660203660407507,9.961516572076732,654.0,16.43741711650269
2020-07-25,2.1558366364850956,1.5767238793075828,2.5830724422926004,9.83064508395864,673.8571428571429,16.146278042043914
2020-07-26,2.129153261380668,1.5684782652724951,2.5543589920002026,8.830352686297818,640.4285714285714,15.082343204951185
2020-07-27,2.066289654988117,1.5718185391869255,2.503808888932313,8.857296053341802,702.8571428571429,14.999213136449157
2020-07-28,2.0351362940750515,1.5682528738573311,2.5077211870616694,8.649152487844132,690.1428571428571,14.760262842838186
2020-07-29,2.0135357075317093,1.5557643885303143,2.616673492816186,8.769145720036338,656.5714285714286,14.955119308914545
2020-07-30,2.0460315710258548,1.547323748647507,2.6229299337255125,9.343497138371996,658.4285714285714,15.559782391770868
2020-07-31,2.050906540470671,1.5774568306513221,2.6286846404839417,9.433960644771574,637.4285714285714,15.691008656377507
2020-08-01,2.0691988175863036,1.7019558439149924,2.7191761031305246,9.324612605318933,627.8571428571429,15.814943369950754
2020-08-02,2.032011456660625,1.7661688686887644,2.8186212893046827,10.016690931976699,655.2857142857143,16.633492546630773
2020-08-03,2.0139173292170836,1.8889306969135318,2.810850180232644,10.09099324273647,585.2857142857143,16.804691449099728
2020-08-04,2.0062284865820628,2.0281811738021585,2.846892788797148,9.302421132716622,583.2857142857143,16.18372358189799
2020-08-05,2.0734800025730746,2.1716324004466623,2.9015331064626753,9.404246478239445,549.4285714285714,16.550891987721858
2020-08-06,2.0721020672569024,2.197595987516778,2.9507211825914514,8.729922608391544,539.0,15.950341845756677
2020-08-07,2.042711231042784,2.204459419926683,3.0232679084118663,8.931723637521015,526.7142857142857,16.20216219690235
2020-08-08,2.0604161566624275,2.2647244297756086,3.0663139308055167,9.28292242961758,486.7142857142857,16.674376946861134
2020-08-09,2.050824143116424,2.358166009249847,3.049767213683673,9.094261564619034,564.0,16.55301893066898
2020-08-10,2.0167104231505277,2.4116879632097317,3.0634512883204694,8.435916563079822,578.5714285714286,15.927766237760551
2020-08-11,1.9693523784351377,2.4007321558425034,3.0013013250127267,8.31954369757916,589.1428571428571,15.690929556869529
2020-08-12,1.896068078960362,2.4880725050876147,2.917568259136804,7.847166427582841,642.7142857142857,15.148875270767622
2020-08-13,1.9139476298330658,2.517581165181263,2.9125343588775783,7.898993099257994,666.8571428571429,15.2430562531499
2020-08-14,1.9882283701953052,2.5875389808765,2.9186514487979633,7.615118956240975,679.7142857142857,15.109537756110742
2020-08-15,1.9350928948933002,2.6262383041324604,2.858182697386198,7.643210836216038,744.0,15.062724732627997
2020-08-16,1.9487161231855803,2.663504334805085,2.857727934498519,7.2997047809798525,667.1428571428571,14.769653173469036
2020-08-17,2.009642269841209,2.7008296395571754,2.9399633793972617,7.371359974098995,645.1428571428571,15.021795262894642
2020-08-18,2.0065214842810333,2.692985155316458,2.997506467021105,6.981319025974225,641.1428571428571,14.678332132592825
2020-08-19,1.9312506352006606,2.6701834420385544,2.9284399515260175,6.792669492086596,602.5714285714286,14.322543520851832
2020-08-20,1.924122150003765,2.646148158911219,2.9655195721066443,6.646102590678146,533.1428571428571,14.181892471699774
2020-08-21,1.892876622813135,2.6755077921386,3.090161409786536,6.281417507964365,534.0,13.939963332702638
2020-08-22,1.9035141005128717,2.568231277522021,3.0591716095450154,5.679176025295885,569.1428571428571,13.210093012875793
2020-08-23,1.8998810936170134,2.523350161389185,3.093023617447758,5.452100146481419,580.8571428571429,12.968355018935375
2020-08-24,1.8420123753919475,2.556480173361068,3.080840100809898,5.7720647181163685,611.8571428571429,13.251397367679283
2020-08-25,1.9024522632612826,2.705493557286979,3.152936348324356,7.006060862864653,588.5714285714286,14.766943031737268
2020-08-26,1.9726957874417452,2.6679206160677458,3.250422445105855,7.497631323080525,650.4285714285714,15.388670171695868
2020-08-27,1.9386609897220346,2.6854274240869036,3.229325532820692,7.803404761739478,756.0,15.656818708369103
2020-08-28,1.9310651480248102,2.6243670220126765,3.1543219877710635,7.96868405144273,820.8571428571429,15.67843820925128
2020-08-29,1.9350515160767634,2.6856766645246695,3.198497307195494,8.083276753792351,802.4285714285714,15.902502241589277
2020-08-30,1.9613036386149931,2.747967398067122,3.241959792886315,7.9943162700588255,814.8571428571429,15.945547099627257
2020-08-31,1.9915341032716876,2.7989657031637876,3.2521467948765954,8.289496696386793,798.1428571428571,16.332143297698867
2020-09-01,1.9834985050268443,2.7620158142535813,3.2615457959967773,7.8677398066534705,820.0,15.874799921930675
2020-09-02,1.9899900695750738,2.8804006822335695,3.2731443778628564,7.527400153851775,780.7142857142857,15.670935283523276
2020-09-03,1.938262936063148,2.866390360357507,3.217730530202018,7.241863652380149,679.8571428571429,15.264247479002822
2020-09-04,1.914164281780162,2.870761420028106,3.166548752637752,6.89043717652971,588.0,14.841911630975732
2020-09-05,1.8893007043969876,2.8926096068578957,3.1496930368538645,6.750953970033227,550.4285714285714,14.682557318141972
2020-09-06,1.8084633273510797,2.786371282610093,3.1342423673747595,7.1644248977221645,494.42857142857144,14.893501875058096
2020-09-07,1.7672093918853922,2.6982782420272704,3.109824167507168,6.796019963853335,469.2857142857143,14.371331765273165
2020-09-08,1.746793967743209,2.6177564477016397,3.0534273294361403,6.07699112331782,482.2857142857143,13.49496886819881
2020-09-09,1.716816600190843,2.5734366371672217,3.0375241094185257,6.329634527086826,534.7142857142857,13.657411873863415
2020-09-10,1.7201017450875078,2.5391711828529155,3.060109649641601,6.127252560354835,615.4285714285714,13.44663513793686
2020-09-11,1.7933143926684316,2.5209193987767633,3.0054461321622212,6.530813167317995,625.0,13.850493090925411
2020-09-12,1.799590898181578,2.4505848018336605,3.0132805127337887,6.510306338632321,628.5714285714286,13.773762551381349
2020-09-13,1.8938224486216595,2.442270651528989,3.0029412364229486,6.167246081354054,632.5714285714286,13.506280417927652
2020-09-14,1.8827007421834352,2.374018203096533,2.9943426073887993,5.813628732461223,719.2857142857143,13.064690285129988
2020-09-15,1.881637122831169,2.386501317940978,2.9662225426936635,5.995775794364822,743.8571428571429,13.230136777830632
2020-09-16,1.8680273508930185,2.3775375463858444,2.9339218574256765,5.690174248973103,750.5714285714286,12.86966100367764
2020-09-17,1.8424955908491494,2.4204867928055376,2.8474580695600062,5.507800411404135,751.8571428571429,12.618240864618828
2020-09-18,1.7405248956203938,2.413792067953718,2.7654431027636823,5.210048183269706,771.5714285714286,12.129808249607501
2020-09-19,1.757061236175907,2.4150922294172035,2.751728850863739,5.156716484296253,788.5714285714286,12.080598800753103
2020-09-20,1.6795998622752655,2.5288264818536192,2.7033581459539318,5.106847218786387,810.1428571428571,12.018631708869206
2020-09-21,1.6944232187678272,2.5127825518438036,2.653530027073118,5.081893996559331,756.2857142857143,11.94262979424408
2020-09-22,1.6439359425324997,2.507944696938196,2.612842752318713,5.089130945140661,731.7142857142857,11.85385433693007
2020-09-23,1.658446469682784,2.516065832184748,2.562562445558472,5.147649717098302,724.7142857142857,11.884724464524302
2020-09-24,1.6749527077042283,2.51778616813878,2.588341100612768,5.531149827788501,784.7142857142857,12.312229804244279
2020-09-25,1.670624963406303,2.5347501207072156,2.589372442753169,5.318195480436981,813.5714285714286,12.11294300730367
2020-09-26,1.6456322450440168,2.5980161957575194,2.5749731234670024,5.304062232002008,841.1428571428571,12.122683796270547
2020-09-27,1.6612356954473912,2.478848688051783,2.5436508801592694,5.642299959650826,886.0,12.32603522330927
2020-09-28,1.663565260853159,2.584026217293016,2.61163174210185,5.826000369360988,900.0,12.685223589609011
2020-09-29,1.6914530437868134,2.6069643585797815,2.691868597568063,5.919483892202309,885.8571428571429,12.909769892136968
2020-09-30,1.6712438679350528,2.591648373122782,2.722049088063205,6.240540054113134,839.5714285714286,13.225481383234174
2020-10-01,1.6264723119079854,2.621688856864821,2.672431025217015,6.353497921306322,780.4285714285714,13.274090115296143
2020-10-02,1.629872102674487,2.60637671371454,2.709542483134689,6.400513585012059,760.7142857142857,13.346304884535774
2020-10-03,1.6287373157711007,2.5704500628059863,2.746945189822328,7.040015973351055,739.1428571428571,13.98614854175047
2020-10-04,1.641246983837164,2.6328242880116686,2.792930289308976,7.261017710904882,701.4285714285714,14.328019272062692
2020-10-05,1.6462148349700316,2.5952060254538414,2.807897603508781,7.462931999303834,696.7142857142857,14.512250463236489
2020-10-06,1.6130377803644056,2.5836000317049908,2.79058513798203,7.170794198237461,697.4285714285714,14.15801714828889
2020-10-07,1.6437932860844617,2.5783037366970207,2.7511534809357516,6.938542945472579,701.4285714285714,13.911793449189815
2020-10-08,1.7242570713352308,2.5685280906475105,2.756698014600289,6.726363830537893,679.8571428571429,13.775847007120921
2020-10-09,1.75044753749266,2.53384455000133,2.722430143085092,6.884417126484081,657.1428571428571,13.891139357063164
2020-10-10,1.804520518036229,2.463792880684955,2.6654708728905274,6.829066607898268,630.4285714285714,13.762850879509982
2020-10-11,1.8281788245747588,2.40265624270284,2.544098545314666,6.206140798568106,621.2857142857143,12.98107441116037
2020-10-12,1.8777923898781987,2.197656585471757,2.421218123977152,6.249706727933863,607.8571428571429,12.746373827260973
2020-10-13,1.9820531781629782,2.0208416610286974,2.3704177656658882,6.471338472234639,584.0,12.844651077092204
2020-10-14,2.0419158505272006,1.8803918590633304,2.358126571804559,6.356601441932682,602.2857142857143,12.637035723327774
2020-10-15,2.006533211339345,1.79909245891858,2.32545172208965,6.22418992335668,606.1428571428571,12.355267315704255
2020-10-16,2.0100836070151105,1.8858176817386105,2.339801982525862,6.387549940054334,611.4285714285714,12.623253211333916
2020-10-17,1.9792612111090662,1.9495620116054444,2.386196017452007,5.927609938762468,646.1428571428571,12.242629178928988
2020-10-18,1.9466428321043718,2.004716583760787,2.5631113753199677,6.0062449134792155,656.1428571428571,12.520715704664342
2020-10-19,1.8627398721682706,2.1526895137155253,2.595819566367232,5.52677172885653,672.4285714285714,12.138020681107557
2020-10-20,1.8040221697693342,2.273963675443692,2.548203701797049,5.352049720429089,697.8571428571429,11.978239267439164
2020-10-21,1.701043969118197,2.4223261682949238,2.545637733446521,5.25172055760971,732.5714285714286,11.920728428469355
2020-10-22,1.6670606258256744,2.469228801551673,2.5695206639843375,5.3564753423602935,728.0,12.06228543372198
2020-10-23,1.591048638134874,2.3926254670445766,2.5126984227097333,5.210944061580916,782.4285714285714,11.7073165894701
2020-10-24,1.5368044377769496,2.3625386803157284,2.4152587809004182,5.062015340462701,770.4285714285714,11.376617239455799
2020-10-25,1.5456626413305774,2.3525192622520086,2.2663528922685026,5.203153162451587,750.4285714285714,11.367687958302673
2020-10-26,1.53795843695436,2.3848647485620096,2.2191324202785836,5.180119309776595,784.7142857142857,11.322074915571548
2020-10-27,1.5687877604974045,2.4755067610791492,2.2197852354713734,4.901262492745217,795.2857142857143,11.165342249793145
2020-10-28,1.55943257693161,2.428004521064998,2.2016252580830185,4.91673541453123,742.8571428571429,11.105797770610852
2020-10-29,1.5422016757605692,2.422661106165998,2.123002619600313,4.751785513866117,742.7142857142857,10.839650915392996
2020-10-30,1.5467820526513887,2.4151346400619373,2.1015732045694677,4.401314783797372,698.4285714285714,10.464804681080164
2020-10-31,1.5547371154111715,2.415279329557137,2.0535603117632233,4.320509989942729,676.4285714285714,10.344086746674261
2020-11-01,1.541704804157723,2.4171501479609168,1.9986316338837258,4.509417350458042,698.4285714285714,10.46690393646041
2020-11-02,1.5409253825253977,2.3931399725194495,2.006429941659121,4.780552769340913,651.8571428571429,10.721048066044881
2020-11-03,1.4736196570949498,2.3563066286056724,2.002982833294223,4.797032867527425,604.5714285714286,10.629941986522269
2020-11-04,1.4988025889996361,2.384516355210441,1.9940537889289798,4.681954133030288,610.5714285714286,10.559326866169345
2020-11-05,1.4901891436214851,2.3504198352465235,1.9533425891948488,4.499519294688172,639.8571428571429,10.29347086275103
2020-11-06,1.5005530552499822,2.3364407942480194,1.9223311003896113,4.624412034358879,634.2857142857143,10.383736984246491
2020-11-07,1.5143989679437893,2.347576757448171,1.9686074820795165,4.606914170817949,629.1428571428571,10.437497378289425
2020-11-08,1.5639842072792969,2.3025768668837023,2.0132800609178685,4.0115893562116876,594.4285714285714,9.891430491292555
2020-11-09,1.6141911789161478,2.2900925470250137,2.008403801679509,3.579026109341798,617.2857142857143,9.491713636962471
2020-11-10,1.6808905362045397,2.329372426821423,2.0887951975777974,4.234138301982213,622.0,10.333196462585974
2020-11-11,1.6581442273220588,2.3285351450663763,2.0709844931051857,4.154296115221094,630.4285714285714,10.211959980714713
2020-11-12,1.6822258599751199,2.3510890479834754,2.0426920913987408,4.349245959565612,604.0,10.425252958922949
2020-11-13,1.710593221777107,2.3741854024425746,2.113563318020126,4.41303619844356,589.7142857142857,10.61137814068337
2020-11-14,1.7261389676202321,2.382671175183917,2.0942152600519877,4.548032029974871,567.5714285714286,10.751057432831008
2020-11-15,1.6614820513278021,2.3703694193073948,2.0939194110411856,4.772907621672893,581.8571428571429,10.898678503349275
2020-11-16,1.6153489560970018,2.3940892169786006,2.0894447758180594,4.832141462578966,546.4285714285714,10.931024411472626
2020-11-17,1.5750509481773631,2.3047768793190855,1.9943979342040028,4.375930780567301,591.5714285714286,10.250156542267751
2020-11-18,1.589951719187949,2.305118226069479,1.9573782343847732,4.401284596327643,608.2857142857143,10.253732775969842
2020-11-19,1.58824770891251,2.3007811345895304,2.021945096094492,4.8802913039057785,610.4285714285714,10.79126524350231
2020-11-20,1.561616568004274,2.281886854231889,2.0372218607953463,5.435974404263078,625.4285714285714,11.316699687294587
2020-11-21,1.531006291205038,2.2495769419536935,2.092179122438181,5.536752430134684,652.4285714285714,11.409514785731593
2020-11-22,1.5192279605014736,2.219488844692699,2.0878020742527217,5.757804742308492,638.1428571428571,11.584323621755384
2020-11-23,1.5343943383366543,2.219595112880908,2.1265499988440886,5.893851638369121,652.1428571428571,11.774391088430772
2020-11-24,1.5458614491338885,2.1911268955912546,2.124799394413978,5.854702280295752,637.7142857142857,11.716490019434874
2020-11-25,1.5071895684933871,2.156033382592598,2.140205200343554,6.137865822553486,611.8571428571429,11.941293973983027
2020-11-26,1.529454803258622,2.143591137337853,2.159426603939958,5.513163961914126,601.1428571428571,11.345636506450559
2020-11-27,1.5970002456537031,2.161601027741488,2.1670615945841702,5.375340328049995,552.5714285714286,11.301003196029356
2020-11-28,1.593742874713982,2.116253628131573,2.090751185563185,5.437674017836372,535.0,11.23842170624511
2020-11-29,1.5932926462822934,2.153774243854498,2.0916394557923206,4.960911898228619,544.2857142857143,10.799618244157731
2020-11-30,1.5626016069799744,2.0393455857933356,2.0791609936170725,4.975326598816758,526.1428571428571,10.656434785207141
2020-12-01,1.5325825099768708,2.0633979014376616,2.046257293705421,5.251872789619292,507.42857142857144,10.894110494739246
2020-12-02,1.5416153157280987,2.0643264711951415,2.093121936420521,5.318451853964108,528.5714285714286,11.017515577307867
2020-12-03,1.523192329249557,2.096005446797728,2.054412476299024,5.612222368857307,541.2857142857143,11.28583262120362
2020-12-04,1.4696284230949306,2.109889678952406,2.0074876402877107,5.2445244863101745,546.1428571428571,10.83153022864522
2020-12-05,1.4564405304374899,2.155960405867927,1.9952982579608036,5.286228214801723,547.7142857142857,10.893927409067942
2020-12-06,1.4387459984794386,2.107187705298337,1.9124100770097734,5.549221012801333,571.2857142857143,11.007564793588882
2020-12-07,1.4454845996636536,2.1435890485374673,1.8098031110743829,5.618355749304048,579.0,11.01723250857955
2020-12-08,1.4163280975395023,2.080444689503777,1.80152587414942,5.2668488313216235,615.8571428571429,10.565147492514324
2020-12-09,1.4469509463559782,2.0480476437554755,1.7337400945112953,5.1852933256096065,598.0,10.414032010232356
2020-12-10,1.3754863482742337,1.9676787308269839,1.676920058015204,5.056739309920545,596.4285714285714,10.076824447036968
2020-12-11,1.3495526516134038,1.8946835506669795,1.5778036596293892,5.208065998203984,641.5714285714286,10.030105860113755
2020-12-12,1.336179327689621,1.7859242671370537,1.5512989716568115,4.795204318599184,660.7142857142857,9.46860688508267
2020-12-13,1.3404422456227518,1.7635415055217696,1.5056954110836462,4.532174574786765,623.8571428571429,9.141853737014932
2020-12-14,1.3301857906027623,1.688584872273556,1.4835958254682353,4.32367056504849,642.2857142857143,8.826037053393044
2020-12-15,1.341349235408676,1.6375840662359733,1.4185745020522842,4.73046204667208,636.5714285714286,9.127969850369013
2020-12-16,1.300104672313783,1.5691032168892953,1.3963697634499943,4.516417882398584,653.7142857142857,8.781995535051657
2020-12-17,1.3402332044510827,1.5714155308140114,1.3435774486822467,4.19573587022381,664.4285714285714,8.45096205417115
2020-12-18,1.3643641960122372,1.5383996099229587,1.3387864808699972,3.8032484575238485,657.0,8.044798744329041
2020-12-19,1.4232597192556875,1.5095376539329106,1.319091798592572,3.7789311768484213,687.7142857142857,8.030820348629591
2020-12-20,1.5120085571856536,1.418641310579951,1.2937509247159065,4.0601730423581825,696.4285714285714,8.284573834839694
2020-12-21,1.7108238334175252,1.4102174522844073,1.3107860766954553,4.0134066743771015,638.0,8.445234036774488
2020-12-22,2.0610599516621178,1.2991891405145706,1.3156990074558437,3.468989540976917,668.7142857142857,8.144937640609449
2020-12-23,2.321211114257934,1.1713628096267974,1.2874419491671094,3.0383550059094646,650.1428571428571,7.8183708789613044
2020-12-24,2.473639533396679,1.1257232202150262,1.2597558444994263,2.857257098408819,647.7142857142857,7.716375696519951
2020-12-25,2.510170288188969,1.0406553676568013,1.2192007264316598,2.928614203510166,649.1428571428571,7.698640585787595
2020-12-26,2.575127975954693,1.0142530160889638,1.269258012466184,2.897667176627708,571.7142857142857,7.756306181137548
2020-12-27,2.5513426948760385,0.908883567410825,1.2893267774993125,2.4658640866281507,526.8571428571429,7.215417126414326
2020-12-28,2.4061856009318823,0.8029297121308241,1.2543800093989057,2.709242621111806,497.42857142857144,7.172737943573418
2020-12-29,2.2768579036694025,0.8463288954756596,1.382658132242246,2.6819249307506374,380.57142857142856,7.187769862137946
2020-12-30,2.014373402437211,0.8021722597354783,1.405294723211736,2.838963389463371,320.57142857142856,7.060803774847797
2020-12-31,1.778660690178107,0.8422072533787196,1.4023076758947919,3.211262081607425,293.2857142857143,7.2344377010590435
2021-01-01,1.6547041010997696,0.8907909988879679,1.4386068711366258,3.14983546309992,328.2857142857143,7.133937434224284
2021-01-02,1.4970872968774611,0.9368609220221111,1.3279120085151574,3.112634749935904,413.7142857142857,6.8744949773506345
2021-01-03,1.4120867942133413,1.0638673896337862,1.2534339414262525,3.0660126528211964,508.7142857142857,6.795400778094577
2021-01-04,1.3406008313634017,1.1653552127573834,1.2252844387526043,2.7409318100776487,598.4285714285714,6.472172292951038
2021-01-05,1.1064951715127491,1.1753977837672238,1.037246194632289,2.57522589898825,655.4285714285714,5.894365048900513
2021-01-06,1.0677371886895826,1.2806107564260076,0.9340054268431208,2.6935941447670726,735.2857142857143,5.975947516725784
2021-01-07,1.0580054206539278,1.2439332603845539,0.9077741787037455,2.55941085652018,773.0,5.769123716262407
2021-01-08,1.0545445052813833,1.2729366081998648,0.8452544430103017,2.886059343399102,729.0,6.058794899890651
2021-01-09,1.0533269173046966,1.2287338017786873,0.8287135545110076,2.7822715447066244,679.2857142857143,5.893045818301016
2021-01-10,1.0512388162483632,1.1991845397714136,0.8748023131206148,2.6769304943576215,617.7142857142857,5.802156163498013
2021-01-11,1.0332398462634134,1.1500113240495655,0.8330435481326671,2.6307267171403885,625.2857142857143,5.647021435586034
2021-01-12,1.040582851789709,1.2008306770864896,0.831602592611026,2.762320259357734,643.0,5.835336380844958
2021-01-13,1.0377691164203577,1.2354640203858278,0.8523130580234525,2.7494973331172434,667.5714285714286,5.875043527946881
2021-01-14,1.0742687197952765,1.2900867458010818,0.8696693715736075,3.0164976456097317,646.2857142857143,6.250522482779698
2021-01-15,1.0622532559368831,1.2469122955825462,0.9089544549155446,2.5029855831118826,636.5714285714286,5.721105589546856
2021-01-16,1.0909584850928,1.2465854588759495,0.9504846985911097,2.710433757801185,676.4285714285714,5.998462400361044
2021-01-17,1.094721462996424,1.29730291229772,0.9421017809385747,2.8831428588187302,725.5714285714286,6.217269015051449
2021-01-18,1.1249485452202967,1.358795293138657,0.9476755522133542,2.780133165614958,713.8571428571429,6.211552556187266
2021-01-19,1.1055803186551851,1.3274965275284603,0.94272079282851,2.6773593603680728,710.1428571428571,6.053156999380229
2021-01-20,1.1203885606590596,1.2870962325905928,0.9388616353367204,2.433418262788925,680.2857142857143,5.779764691375298
2021-01-21,1.1199333016323718,1.2596119311777199,0.94700396919334,2.067985243427334,669.4285714285714,5.394534445430765
2021-01-22,1.1465888196817766,1.2978194812690766,0.9558737265044587,2.2822418474346424,688.5714285714286,5.682523874889955
2021-01-23,1.1408031763353348,1.3256394992403588,0.9423325107872262,2.4159641947605954,671.1428571428571,5.824739381123516
2021-01-24,1.1667181553537624,1.276071902086555,0.9311228775086274,2.2802371376542285,664.0,5.654150072603174
2021-01-25,1.1489914485474864,1.227485053222658,0.9293972102130391,2.48571551808597,665.2857142857143,5.791589230069154
2021-01-26,1.152791114092246,1.2224334485330268,0.926382274639521,2.935861728853251,662.2857142857143,6.237468566118046
2021-01-27,1.1876474674845023,1.2837539121314954,0.9555596882291175,2.963640863836318,637.0,6.390601931681432
2021-01-28,1.2169001026044843,1.286332965730957,0.9677307654512152,2.9813625129355183,659.8571428571429,6.452326346722174
2021-01-29,1.2390059759040721,1.2902586462903514,0.9575877441175064,2.9927585850930147,671.7142857142857,6.479610951404944
2021-01-30,1.27244024879579,1.2686194183921076,0.9606365385671662,2.95372130805686,664.0,6.455417513811924
2021-01-31,1.2593850469170587,1.2611540079855206,0.9759416909311422,3.1919699004230995,674.4285714285714,6.688450646256821
2021-02-01,1.2625160291984894,1.2491661891957102,1.008732199435118,3.010777546272738,668.2857142857143,6.531191964102056
2021-02-02,1.269290365448499,1.244663711145759,1.042922540663721,2.692128814539452,687.5714285714286,6.249005431797431
2021-02-03,1.244424044233538,1.226597781320231,1.0395089081839106,3.0604262705081413,705.5714285714286,6.5709570042458205
2021-02-04,1.2438662150050146,1.2193144884454001,1.0044708792245685,3.0296091917340138,696.0,6.497260774408997
2021-02-05,1.230956721667135,1.2105260155450774,1.0369411105837114,2.852973496407345,683.5714285714286,6.331397344203269
2021-02-06,1.2077152028373808,1.26464827747667,1.045399743078855,2.6795226984636464,698.2857142857143,6.197285921856552
2021-02-07,1.2080469770004605,1.3272668637207252,1.051616721599374,2.6634377405160956,683.2857142857143,6.250368302836654
2021-02-08,1.2112197947896648,1.362017746076983,1.0695274260184848,2.8153517206475756,688.7142857142857,6.458116687532707
2021-02-09,1.2123819664761635,1.4218021069950235,1.049568064538103,3.340349658730067,669.4285714285714,7.024101796739357
2021-02-10,1.225198413178979,1.442972064593723,1.0881487008986392,2.9646030889157005,669.1428571428571,6.720922267587042
2021-02-11,1.2426251328208104,1.4856287925568747,1.1352022503518933,2.9588098092607424,663.8571428571429,6.822265984990322
2021-02-12,1.264271016531082,1.4782277069612988,1.121735737515981,3.317418448719033,659.0,7.1816529097273945
2021-02-13,1.2922289355395848,1.431464108339388,1.142111751719984,3.6045475973804506,657.2857142857143,7.470352392979407
2021-02-14,1.298087858999428,1.3888713189753497,1.1335226781163728,3.6798258769254146,664.0,7.500307733016565
2021-02-15,1.3260350134709726,1.3849514583481717,1.1282124395744269,3.5883847976794576,659.4285714285714,7.427583709073028
2021-02-16,1.3557230266072615,1.2982337061131786,1.1362474696784224,3.0395323984822307,681.2857142857143,6.829736600881093
2021-02-17,1.3722451279261771,1.2914089899766386,1.1028677846752946,3.045552443148385,686.8571428571429,6.812074345726495
2021-02-18,1.3843270268753811,1.2783574724107574,1.1454671142103285,3.2122231185741903,669.5714285714286,7.020374732070658
2021-02-19,1.3716564067878814,1.296826026684938,1.1511786518911755,3.1253233270708187,644.0,6.944984412434814
2021-02-20,1.344467944320949,1.3210215442680031,1.1412339299775354,2.8006018634557672,629.1428571428571,6.607325282022254
2021-02-21,1.340194421550229,1.378938454404274,1.160188489532004,3.0046517548863583,612.5714285714286,6.883973120372865
2021-02-22,1.3551548715065054,1.444032062799218,1.180232197910437,3.140268885390801,609.0,7.119688017606961
2021-02-23,1.30994119629283,1.4921751234422784,1.2146980098762492,3.2252434478653633,601.7142857142857,7.242057777476721
2021-02-24,1.2865092061492525,1.4756753857204237,1.2291518822861527,3.5889838055916816,580.5714285714286,7.58032027974751
2021-02-25,1.245044856545368,1.4890762290631272,1.181825661994816,3.7178012091183876,599.0,7.633747956721699
2021-02-26,1.2831898528468224,1.558608879553934,1.259700031409513,3.6266104108323804,591.2857142857143,7.72810917464265
2021-02-27,1.3040079237625768,1.5932596438196138,1.274637447592411,3.8374259513774,629.8571428571429,8.009330966552001
2021-02-28,1.3068810012034013,1.5814675823102424,1.2823245537280084,3.8470133114019434,638.7142857142857,8.017686448643596
2021-03-01,1.2812819035228418,1.5893646342678376,1.247184868582328,3.824082872658778,630.7142857142857,7.941914279031785
2021-03-02,1.293929994622816,1.599329651816537,1.2151843551487602,4.211151435198052,609.8571428571429,8.319595436786164
2021-03-03,1.3272515842797945,1.6567697075871437,1.2339923333107634,3.8956978179148543,615.2857142857143,8.113711443092557
2021-03-04,1.3342935431822183,1.628658165812811,1.2465716983901287,3.6114702431640238,613.4285714285714,7.820993650549183
2021-03-05,1.323174656942298,1.5719734084103911,1.1722091459419122,3.6637828467382323,635.5714285714286,7.731140058032835
2021-03-06,1.3207837909351559,1.6094552900953782,1.209177165371188,3.6788967961765913,603.1428571428571,7.818313042578315
2021-03-07,1.3370748991072905,1.5810500560730127,1.2347470242850582,3.5431847223218393,596.4285714285714,7.696056701787201
2021-03-08,1.3473127418104245,1.541138601614866,1.250242494109392,4.136215963534942,618.5714285714286,8.274909801069624
2021-03-09,1.3476605200892986,1.5802100971984243,1.2962764032252916,4.045582791845953,637.5714285714286,8.269729812358968
2021-03-10,1.3380098373428988,1.570598581953106,1.3449363377144876,4.143883743553055,648.0,8.397428500563548
2021-03-11,1.3844799809558996,1.669490526437756,1.4254149405031207,4.686966678854836,598.5714285714286,9.16635212675161
2021-03-12,1.3831683436357503,1.6831578158585947,1.424073806805079,4.419161927749554,600.0,8.909561894048977
2021-03-13,1.405134801473687,1.6595965619716364,1.405324378416566,4.410279656851438,599.1428571428571,8.880335398713326
2021-03-14,1.404496663405048,1.7174542078099457,1.4039481232008364,4.48997779409309,571.1428571428571,9.015876788508919
2021-03-15,1.3831915347438237,1.7796910078990986,1.402530995945488,4.089383511464873,580.5714285714286,8.654797050053281
2021-03-16,1.4062292036920918,1.8485616258620452,1.405541909165263,3.7225340163702088,540.0,8.382866755089607
2021-03-17,1.4086436906136208,1.8562075011135541,1.3771716878372953,3.7148881411187,540.0,8.356911020683171
2021-03-18,1.3932334448826753,1.7809152913073567,1.3616595342133622,3.328714826808173,591.0,7.864523097211566
2021-03-19,1.378584789708656,1.7831994827987434,1.391843493206686,3.463540218414759,601.5714285714286,8.017167984128843
2021-03-20,1.3619024411699645,1.7686277930871281,1.4114024220473314,3.6684824310528663,587.1428571428571,8.210415087357289
2021-03-21,1.3968759217840632,1.7964169351214834,1.4322243246108797,3.425804394960596,644.8571428571429,8.05132157647702
2021-03-22,1.415454971801578,1.753203099119855,1.4961592630239147,3.1336722362451646,626.0,7.798489570190512
2021-03-23,1.4475469860827732,1.7841607526652976,1.5050322839184478,3.4344119057289015,620.7142857142857,8.17115192839542
2021-03-24,1.4817434165509518,1.8149994803557234,1.529846326545249,3.603421134555861,614.0,8.430010358007786
2021-03-25,1.4603405831407754,1.8530497554754297,1.5021363931555833,3.555608123401957,620.1428571428571,8.371134855173745
2021-03-26,1.5063398550928606,1.8429814813418197,1.5320243313919792,3.929121583122314,605.1428571428571,8.810467250948973
2021-03-27,1.5201856120316628,1.8008342915287041,1.511243552592782,3.660345265759144,592.8571428571429,8.492608721912292
2021-03-28,1.5224529547365377,1.6818271945472727,1.488146329803645,4.017980599107857,551.1428571428571,8.710407078195313
2021-03-29,1.6134421572419755,1.646935169492892,1.4735946092805432,4.312890445269767,539.7142857142857,9.046862381285179
2021-03-30,1.7246582221040545,1.4785157861980494,1.529169437560568,4.602486147562341,569.2857142857143,9.334829593425013
2021-03-31,1.7914094418227111,1.3529982714998625,1.5144606694379346,4.3791213208624304,538.5714285714286,9.037989703622937
2021-04-01,1.8781528258353433,1.2950806906530477,1.530658689008854,4.5112756492287325,516.0,9.215167854725978
2021-04-02,1.9125229777324007,1.2027783886648244,1.5081362983994882,4.224651096779449,553.5714285714286,8.848088761576161
2021-04-03,1.9536945720954841,1.217975957053882,1.5562158783939617,4.226861652181493,553.5714285714286,8.954748059724823
2021-04-04,1.9295454595606307,1.3384862326102547,1.6223212816138795,4.101199400078108,556.1428571428571,8.991552373862872
2021-04-05,1.8415212558824339,1.4527390285075843,1.6495482539017938,4.039141740922031,545.5714285714286,8.982950279213844
2021-04-06,1.7049849939760198,1.5624391999797669,1.6312148049321136,3.7347677135063053,578.1428571428571,8.633406712394207
2021-04-07,1.5799702962131472,1.6601627082207384,1.6472967136475039,4.092596253238832,585.4285714285714,8.980025971320222
2021-04-08,1.5131720196631693,1.7106422588458063,1.65027051834505,3.802507330861918,601.8571428571429,8.676592127715946
2021-04-09,1.4555181779412385,1.8520514796141907,1.6622929603427377,3.783786063810887,555.1428571428571,8.753648681709056
2021-04-10,1.3761664473406643,1.9253962661874695,1.6636865713570703,3.9499321286618545,553.5714285714286,8.915181413547058
2021-04-11,1.3503957107477482,1.949825709092739,1.660804714981633,3.78191350247333,553.8571428571429,8.74293963729545
2021-04-12,1.3683056633988782,1.9271417510651805,1.6976948987753633,3.847924962589808,540.1428571428571,8.84106727582923
2021-04-13,1.375061761375594,1.9954915899865504,1.7014390820470493,4.1116030098736305,519.1428571428571,9.183595443282826
2021-04-14,1.4233029931295464,2.031291192976826,1.7389919550589195,4.103342401618331,534.1428571428571,9.296928542783624
2021-04-15,1.4201565281651896,2.0189785311839774,1.7706675296788197,4.71372379415172,525.0,9.923526383179707
2021-04-16,1.430478084338274,2.0426014812356343,1.8147881138601594,4.741829445857144,531.8571428571429,10.02969712529121
2021-04-17,1.4445822715912386,2.0333277217071193,1.8382697273553599,4.560120444939584,532.7142857142857,9.876300165593301
2021-04-18,1.4429752148756436,1.973828819396557,1.8478439419905628,4.470675787192259,556.4285714285714,9.73532376345502
2021-04-19,1.4185661493297044,2.0194810535304666,1.8389537075954665,4.511868063986631,555.8571428571429,9.788868974442266
2021-04-20,1.421202497986814,1.9631071314125996,1.8404421461081264,4.525657632101459,569.7142857142857,9.750409407608998
2021-04-21,1.4289020420540763,1.9429603028978284,1.8259410263202178,5.016677948635301,534.0,10.214481319907422
2021-04-22,1.4499482107485377,1.9606046929933625,1.881843531322917,4.824956629406755,561.0,10.117353064471573
2021-04-23,1.4238661846665115,1.908775793338376,1.8796577030501322,4.914281523079475,557.4285714285714,10.126581204134494
2021-04-24,1.4367516529008348,1.991375208413812,1.8601761790048705,5.090155779031855,570.8571428571429,10.378458819351371
2021-04-25,1.4595977294962263,2.0829552150107493,1.8810926849297365,5.356229457319435,560.4285714285714,10.77987508675615
2021-04-26,1.4922388561223154,2.042894746378852,1.881470613879094,5.693401753138348,563.4285714285714,11.110005969518609
2021-04-27,1.515677322417925,2.0859786466056094,1.9082692121062637,5.850826339134362,577.0,11.360751520264158
2021-04-28,1.5638578326470716,1.9431916865747294,1.870475760163954,5.106247962463135,565.8571428571429,10.48377324184889
2021-04-29,1.5807404982747062,1.968928164474572,1.8449239975061276,5.4473913168655725,564.5714285714286,10.841983977120977
2021-04-30,1.6046161286019494,1.978436644950794,1.8537120127457558,5.376721213937404,562.2857142857143,10.813486000235903
2021-05-01,1.630678211087097,1.952614578689203,1.9122438835631201,5.606735905839574,554.4285714285714,11.102272579178996
2021-05-02,1.6429724906480732,1.9144928517480724,1.9533468396196056,6.0882200380337235,586.5714285714286,11.599032220049475
2021-05-03,1.6066580619828412,1.9226510965958268,1.943920929033969,5.869109399021855,607.0,11.342339486634492
2021-05-04,1.6068836437911986,1.8812029898582234,1.9316246422541212,5.390993857304333,567.1428571428571,10.810705133207877
2021-05-05,1.5436201657271973,2.1302096275853186,2.055703874994554,5.672517319028306,617.8571428571429,11.402050987335375
2021-05-06,1.574587176281322,2.1218181125094833,2.0849239029805537,5.34367264132639,586.4285714285714,11.12500183309775
2021-05-07,1.6508658412303254,2.1793592600584986,2.1251264489266086,5.801196496961969,596.1428571428571,11.756548047177402
2021-05-08,1.641652445955819,2.166490173832476,2.1181933445432652,5.8583793070114,604.5714285714286,11.784715271342959
2021-05-09,1.621808986087239,2.2259688990009647,2.0988256492283224,5.304648270759953,564.2857142857143,11.251251805076478
2021-05-10,1.6798530446534727,2.2399861426359764,2.199945131291897,5.0646669542974,585.2857142857143,11.184451272878746
2021-05-11,1.7736184926197787,2.1777554963189596,2.28126652149352,5.975669719748192,559.2857142857143,12.208310230180448
2021-05-12,1.818197588454704,2.0266942826835606,2.21866639133783,6.184835843069935,573.8571428571429,12.24839410554603
2021-05-13,1.792419761276371,1.9684139777586342,2.162354389781713,6.462751016141692,581.5714285714286,12.38593914495841
2021-05-14,1.7536704034661825,1.9688726685150597,2.1742821696501937,6.483600513242793,589.5714285714286,12.38042575487423
2021-05-15,1.7414765400914358,2.0160008390386177,2.197427487794123,6.084215763510726,586.7142857142857,12.039120630434903
2021-05-16,1.775040451334638,1.9426428781705845,2.21214400952112,5.945506930039604,558.7142857142857,11.875334269065945
2021-05-17,1.762782164298128,1.9556661947468343,2.212441411043361,6.330291056616859,520.1428571428571,12.261180826705182
2021-05-18,1.6739501537336854,2.040355026251439,2.1637503609046327,5.542729701074417,580.4285714285714,11.420785241964172
2021-05-19,1.6290810471873287,2.1894205394734345,2.243762591935056,5.476348810596899,557.5714285714286,11.538612989192718
2021-05-20,1.6771792801912222,2.2329814858645696,2.341077157174149,5.249699115079278,543.8571428571429,11.50093703830922
2021-05-21,1.7313400558518528,2.1116939288524486,2.339434823566724,4.920671515592758,553.4285714285714,11.103140323863784
2021-05-22,1.8767593822881283,1.995453559052757,2.3203857370600107,5.226192096706559,547.7142857142857,11.418790775107453
2021-05-23,1.8660990380661404,2.0309621144243257,2.3079879750047145,5.723602277849618,584.7142857142857,11.928651405344798
2021-05-24,1.8298069628910467,2.0449012851663166,2.2671991622579504,5.600757601711021,599.7142857142857,11.742665012026334
2021-05-25,1.836344884613647,2.0734869266110554,2.3099621448294143,5.4836968239115285,562.8571428571429,11.703490779965646
2021-05-26,1.8405174591135272,2.0475444647003287,2.3657932718069126,5.613081812738267,550.8571428571429,11.866937008359036
2021-05-27,1.7883475352673026,2.072459594528753,2.4526422181934318,5.907171484573603,547.8571428571429,12.22062083256309
2021-05-28,1.7046358539946458,2.192629499149877,2.4488050661855483,5.915624921380699,524.8571428571429,12.261695340710771
2021-05-29,1.5908809132831832,2.2969886182916044,2.523474744333487,6.103451008337222,528.4285714285714,12.514795284245496
2021-05-30,1.6391417475550978,2.384380681445441,2.6296498480847683,5.9888153554397965,490.85714285714283,12.641987632525101
2021-05-31,1.6933080390454316,2.3549643557723745,2.676650271617162,5.799598923716886,509.42857142857144,12.524521590151851
2021-06-01,1.7080646650025904,2.335977958365597,2.6859856107521347,5.859193433663841,501.7142857142857,12.58922166778416
2021-06-02,1.751775821202191,2.307300078271631,2.5968624751545053,5.453795220928876,494.42857142857144,12.109733595557204
2021-06-03,1.8512369803831292,2.278796266593655,2.513078861181145,5.210366924754916,499.14285714285717,11.853479032912844
2021-06-04,1.9470085327166038,2.265531322459949,2.559562712101225,5.589798952985464,505.7142857142857,12.361901520263244
2021-06-05,1.9711855513501442,2.2651761832092983,2.5457057696047314,5.679069640222492,494.42857142857144,12.461137144386665
2021-06-06,1.96588207418653,2.2027858478873785,2.4796284611399253,5.63391280573309,518.5714285714286,12.282209188946924
