date,apple_driving,apple_walking,apple,google_retail,google_grocery,google_workplaces,google_residential,google,applegoogle
2020-02-18,0.0,0.0,0.0,0.0,0.0,0.0,-0.25890280737121873,0.0,0.0
2020-02-19,-0.01859710236047163,-0.07631790749898022,-0.04757458990108244,-0.04324068279642384,-0.03686307388031256,-0.01148138013434136,-0.23301252663409683,-0.035309272540493576,-0.04144193122078801
2020-02-20,-0.025363553791399027,-0.11708399473445959,-0.0712572997736772,-0.10810170699105956,-0.08601383905406268,-0.0229627602686827,-0.23301252663409683,-0.08474225409718468,-0.07799977693543095
2020-02-21,-0.039619913724483036,-0.17434612657220222,-0.10711836094484017,-0.1369288288553421,-0.08601383905406268,-0.0229627602686827,-0.23301252663409683,-0.09886596311338215,-0.10299216202911116
2020-02-22,-0.05374860476264386,-0.22141673660107514,-0.13791285611774431,-0.1369288288553421,-0.0614384564671876,-0.01148138013434136,-0.25890280737121873,-0.088273181351234,-0.11309301873448915
2020-02-23,-0.07830358888619547,-0.31887612655008096,-0.19910674728020158,-0.1801695116517659,-0.024575382586875038,-0.0229627602686827,-0.20712224589697498,-0.1023968903674315,-0.15075181882381655
2020-02-24,-0.10719931543713389,-0.3994602524806804,-0.25439739182083465,-0.18737629211783657,0.07372614776062521,-0.0229627602686827,-0.20712224589697498,-0.07768039958908592,-0.16603889570496028
2020-02-25,-0.1549474821383899,-0.46928402747819337,-0.31470812010286153,-0.20178985304997782,0.12287691293437528,-0.034444140403024064,-0.1812319651598531,-0.07414947233503659,-0.19442879621894907
2020-02-26,-0.21329216711826776,-0.5822440110620846,-0.40195531623801617,-0.24503053584640166,0.12287691293437528,-0.0229627602686827,-0.15534168442273122,-0.09180410860528337,-0.24687971242164977
2020-02-27,-0.2684876860233729,-0.6978111281319669,-0.4887609309329569,-0.28827121864282546,0.08601383905406268,-0.01148138013434136,-0.12945140368560937,-0.1200515266376783,-0.3044062287853176
2020-02-28,-0.30002190306938964,-0.7793907050299436,-0.5459805891334781,-0.30268477957496676,0.06143845646718764,-0.01148138013434136,-0.12945140368560937,-0.1341752356538757,-0.3400779123936769
2020-02-29,-0.3252577879658651,-0.9177583894954838,-0.6276034321879966,-0.3315119014392493,0.024575382586875038,-0.01148138013434136,-0.10356112294848749,-0.15889172643222127,-0.39324757931010895
2020-03-01,-0.3450039103806454,-0.9841691897477015,-0.6709481367143856,-0.2954779991088961,0.01228769129343756,0.0,-0.12945140368560937,-0.1412370901619745,-0.40609261343818004
2020-03-02,-0.3476424008757237,-1.019910619719273,-0.6899128975152085,-0.26665087724461356,0.0,0.011481380134341404,-0.15534168442273122,-0.12711338114577708,-0.40851313933049277
2020-03-03,-0.3327476964680229,-1.074281203508918,-0.7084360768758153,-0.24503053584640166,0.01228769129343756,0.011481380134341404,-0.15534168442273122,-0.11298967212957961,-0.41071287450269744
2020-03-04,-0.322661853769095,-1.1005895505039065,-0.7158267557173128,-0.1801695116517659,0.12287691293437528,0.0,-0.1812319651598531,-0.05296390881074044,-0.3843953322640266
2020-03-05,-0.31610818382970657,-1.1163271562738837,-0.7199636765782768,-0.04324068279642384,0.3809184300965632,0.022962760268682766,-0.20712224589697498,0.09533503585933287,-0.31231432035947193
2020-03-06,-0.32074682034524676,-1.1613594619409828,-0.744576031588167,-0.007206780466070669,0.4300691952703134,0.022962760268682766,-0.20712224589697498,0.12711338114577708,-0.30873132522119495
2020-03-07,-0.3449613540823371,-1.1849184681689278,-0.7693510744970841,0.036033902330353175,0.5160830343243761,0.011481380134341404,-0.23301252663409683,0.16948450819436944,-0.2999332831513573
2020-03-08,-0.3884113346545134,-1.2301877859711168,-0.8152755442794675,0.04324068279642384,0.6881107124325014,0.0,-0.23301252663409683,0.21891748975106048,-0.2981790272642035
2020-03-09,-0.4763326469582526,-1.3482672316729523,-0.9211853665458251,0.02882712186428259,0.8601383905406267,-0.04592552053736542,-0.20712224589697498,0.24716490778345548,-0.3370102293811848
2020-03-10,-0.6315780231847964,-1.603576703591896,-1.131145720803949,-0.02162034139821192,1.056741451235627,-0.09185104107473084,-0.15534168442273122,0.2648195440537022,-0.4331630883751234
2020-03-11,-0.8166979208233561,-1.9856876677839885,-1.4195913657782202,-0.17296273118569527,1.1796183641700022,-0.13777656161209628,-0.07767084221136562,0.21185563524296167,-0.6038678652676293
2020-03-12,-0.9726667541211307,-2.2462588091019304,-1.6325265844756887,-0.6486102419463573,-0.03686307388031256,-0.37888554443326483,0.05178056147424373,-0.4448968340102197,-1.038711709242954
2020-03-13,-1.1366361715007562,-2.5383999668138597,-1.8653097268544097,-0.7567119489374169,0.3194799736293756,-0.6888828080604815,0.28479308810834053,-0.4907988883128614,-1.1780543075836356
2020-03-14,-1.321032612068084,-2.8691267001184397,-2.128166889424631,-1.030569606648101,0.3440553562162507,-1.0792497326280879,0.6472570184280467,-0.7379637960963167,-1.4330653427604738
2020-03-15,-1.5006201909266417,-3.2004222625472365,-2.388676698023182,-1.3116340448248558,0.17202767810812536,-1.504060797598718,1.035611229484875,-1.0557472489607593,-1.7222119734919707
2020-03-16,-1.6654407342724205,-3.536410665250815,-2.643422706770502,-1.6431459462641054,-0.20889075198843787,-1.94035324270369,1.4498557212788248,-1.461803883176436,-2.052613294973469
2020-03-17,-1.8246012899432749,-3.835472577307372,-2.8769728063874918,-1.9386239453730012,-0.6635353298456261,-2.3536829275399787,1.8123196515985307,-1.8643295901380632,-2.3706511982627774
2020-03-18,-1.9932519001367486,-4.148707815042311,-3.1226547750461835,-2.2773426272783213,-1.265632203224065,-2.6177546706298296,2.07122245896975,-2.2845099333699372,-2.70358235420806
2020-03-19,-2.142284056810366,-4.375481025896419,-3.315230765236887,-2.435891797531875,-0.7864122427800014,-2.7670126123762677,2.2524544241296027,-2.2703862243537403,-2.7928084947953136
2020-03-20,-2.245100073521805,-4.537455119016923,-3.4507962673829615,-2.752990138038983,-1.53596141167969,-3.0196029753317775,2.5631377929750654,-2.718813985618009,-3.084805126500485
2020-03-21,-2.3090621898783006,-4.622115853671069,-3.5272363387970604,-2.918746088758608,-1.9906059895368788,-3.2033050574812396,2.7961503196091617,-2.9871644569257603,-3.2572003978614106
2020-03-22,-2.358938171494942,-4.695637017975986,-3.5905219315184316,-3.062881698080021,-2.3715244196334417,-3.341081619093336,2.977382284769015,-3.2096128739308702,-3.400067402724651
2020-03-23,-2.3953238065480384,-4.741569969756426,-3.6329137497790933,-3.149363063672868,-2.5681274803284424,-3.4444140403024077,3.1327239691917463,-3.340257182330697,-3.486585466054895
2020-03-24,-2.394600349476807,-4.75593290514288,-3.6395607125107543,-3.142156283206797,-2.469825949980942,-3.5133023211084558,3.18450453066599,-3.329664400568548,-3.484612556539651
2020-03-25,-2.405664987036813,-4.740337506653959,-3.63795707464892,-3.207017307401433,-2.6295659367956294,-3.605153362183187,3.210394811403112,-3.435592218190029,-3.5367746464194747
2020-03-26,-2.3906851700324974,-4.707155807741359,-3.613507407538056,-3.221430868333575,-2.7155797758496925,-3.639597502586211,3.210394811403112,-3.477963345238621,-3.545735376388339
2020-03-27,-2.381918572581108,-4.6890954830475025,-3.5998648651482488,-3.243051209731786,-2.7524428497300053,-3.6740416429892346,3.2362850921402337,-3.509741690525066,-3.5548032778366574
2020-03-28,-2.3666834177869456,-4.6787143515305605,-3.586454734042765,-3.250257990197857,-2.7647305410234426,-3.6855230231235767,3.210394811403112,-3.5203344722872143,-3.55339460316499
2020-03-29,-2.3487246599010905,-4.6548235283134884,-3.5649334491143807,-3.235844429265716,-2.7647305410234426,-3.6855230231235767,3.18450453066599,-3.5132726177791156,-3.5391030334467484
2020-03-30,-2.3293189878727727,-4.638991117689478,-3.5465729576528005,-3.221430868333575,-2.7155797758496925,-3.6855230231235767,3.158614249928868,-3.49208705425482,-3.51933000595381
2020-03-31,-2.335021531846006,-4.639370337105621,-3.5498731978901983,-3.264671551129999,-2.838456688784068,-3.6970044032579175,3.210394811403112,-3.5521128175736583,-3.550993007731928
2020-04-01,-2.28169849006644,-4.601353590637185,-3.5021126789616566,-3.178190185537151,-2.617278245502192,-3.6740416429892346,3.158614249928868,-3.4391231454440785,-3.4706179122028677
2020-04-02,-2.237014376843339,-4.570968634918648,-3.4628119307825016,-3.091708819944303,-2.4206751848071923,-3.639597502586211,3.1068336884546244,-3.3296644005685487,-3.396238165675525
2020-04-03,-2.1886278656674674,-4.526505158375765,-3.414586589285313,-2.998020673885385,-2.260935197992504,-3.6166347423175282,3.029162846243259,-3.2307984374551664,-3.3226925133702396
2020-04-04,-2.141730824932366,-4.488298802199258,-3.370242516236331,-2.9043325278264667,-2.0520444460040665,-3.605153362183187,2.977382284769015,-3.121339692579636,-3.2457911044079837
2020-04-05,-2.08223711989818,-4.449760629033624,-3.3188563812723384,-2.8106443817675486,-1.695701398494378,-3.605153362183187,2.873821161820528,-2.973040747909563,-3.1459485645909506
2020-04-06,-2.0347868472850776,-4.411506870430099,-3.274186932425304,-2.652095211513994,-1.1796183641700022,-3.639597502586211,2.77026003887204,-2.7576541854125516,-3.0159205589189275
2020-04-07,-2.067087077700634,-4.422693843206346,-3.297311855215522,-2.875505405962184,-2.039756754710629,-4.064408567556842,3.055053126980381,-3.2449221464713642,-3.271117000843443
2020-04-08,-2.094493333810802,-4.447106093120617,-3.3242483230686504,-2.853885064563972,-1.8185783114287535,-4.156259608631572,3.055053126980381,-3.1990200921687215,-3.2616342076186857
2020-04-09,-2.155093502600988,-4.486971534242754,-3.3768894789679917,-3.019641015283597,-2.53126440644813,-4.282554790109327,3.080943407717503,-3.5238653995412634,-3.450377439254628
2020-04-10,-2.202756556705629,-4.52754801177016,-3.4228139487503757,-3.307912233926422,-3.4405535621625067,-4.753291375617323,3.443407338037209,-4.071159123918914,-3.746986536334645
2020-04-11,-2.208161206590708,-4.5462719704422705,-3.434945817792078,-3.329532575324634,-3.477416636042819,-4.764772755751665,3.469297618774331,-4.09587561469726,-3.765410716244669
2020-04-12,-2.2212259901711766,-4.5576959553536085,-3.4476819561730223,-3.365566477654988,-3.7108827706181318,-4.753291375617323,3.5210781802485744,-4.177086941540395,-3.812384448856709
2020-04-13,-2.225949739283333,-4.558406991758878,-3.4506103383555025,-3.4736681846460478,-4.165527348475321,-4.695884474945617,3.572858741722818,-4.343040522480716,-3.896825430418109
2020-04-14,-2.1576894367977584,-4.521764915673965,-3.395366176071734,-3.207017307401433,-3.280813575347818,-4.248110649706303,3.2362850921402337,-3.82046328888141,-3.607914732476572
2020-04-15,-2.1130904361712735,-4.4979214948839115,-3.3593191858731126,-3.214224087867504,-3.4897043273362565,-4.064408567556842,3.18450453066599,-3.827525143389508,-3.5934221646313103
2020-04-16,-2.057724692072936,-4.485739071140285,-3.323109507775464,-3.0845020394782328,-2.82616899749063,-3.9036692456760624,3.18450453066599,-3.5238653995412634,-3.423487453658364
2020-04-17,-1.9930816749435172,-4.441275594597402,-3.2660060552171055,-2.8034376013014777,-1.953742915656566,-3.3870071396307013,2.7961503196091617,-2.976571675163612,-3.1212888651903588
2020-04-18,-1.980782904732588,-4.4268652567839295,-3.252224066056704,-2.8034376013014777,-2.027469063417191,-3.329600238958994,2.7443697581349182,-2.980102602417661,-3.1161633342371826
2020-04-19,-1.965888200324888,-4.416010100996808,-3.2387674526943555,-2.8034376013014777,-2.064332137297504,-3.29515609855597,2.6925891966606748,-2.9801026024176616,-3.1094350275560085
2020-04-20,-1.9597600933685766,-4.415630881580665,-3.235234801172634,-2.817851162233619,-2.0766198285909416,-3.272193338287287,2.666698915923553,-2.9836335296717107,-3.109434165422172
2020-04-21,-1.9473336542627238,-4.413402967510819,-3.227356058634057,-2.8322647231657605,-2.1011952111778163,-3.260711958152947,2.6408086351864313,-2.994226311433859,-3.110791185033958
2020-04-22,-1.9374180367570266,-4.415725686434701,-3.223079691002499,-2.8322647231657605,-2.1011952111778163,-3.272193338287287,2.6408086351864313,-2.997757238687908,-3.1104184648452033
2020-04-23,-1.902819766232854,-4.390128375844981,-3.1916344442334887,-2.781817259903266,-2.039756754710629,-3.21478643761558,2.5631377929750654,-2.9377314753690693,-3.064682959801279
2020-04-24,-1.8858823595063836,-4.386193974402487,-3.180455461457514,-2.7746104794371953,-2.0520444460040665,-3.2033050574812396,2.537247512237943,-2.93420054811502,-3.057328004786267
2020-04-25,-1.8595825671522164,-4.367422613303359,-3.15688895722708,-2.760196918505054,-2.039756754710629,-3.180342297212557,2.4595766700265775,-2.9165459118447736,-3.0367174345359267
2020-04-26,-1.8476668036260557,-4.373821940950789,-3.153518993604385,-2.752990138038983,-1.9660306069500038,-3.1688609170782147,2.4595766700265775,-2.888298493812379,-3.020908743708382
2020-04-27,-1.8181752888988096,-4.36386743127701,-3.1325322546299454,-2.652095211513994,-1.6096875594403157,-3.1573795369438735,2.381905827815212,-2.7329376946342063,-2.932734974632076
2020-04-28,-1.8551992684265217,-4.397712764167861,-3.169346202066836,-2.8899189668943253,-2.48211364127438,-3.605153362183187,2.7184794773977963,-3.237860291963265,-3.2036032470150504
2020-04-29,-1.8391129876662051,-4.388042669056189,-3.1558198653191902,-2.817851162233619,-2.273222889285942,-3.639597502586211,2.666698915923553,-3.15311803786608,-3.1544689515926354
2020-04-30,-1.820941448288811,-4.394726411265728,-3.1491729025875297,-2.752990138038983,-2.138058285058129,-3.559227841645821,2.614918354449309,-3.057783002006748,-3.1034779522971387
2020-05-01,-1.798939842063722,-4.376808293852923,-3.1283720926405496,-2.6809223333782772,-2.113482902471254,-3.5133023211084558,2.5631377929750654,-3.0012881659419586,-3.064830129291254
2020-05-02,-1.7854494955001767,-4.3743907700750055,-3.119819357377433,-2.6232680896497116,-2.064332137297504,-3.4788581807054317,2.589028073712187,-2.9483242571312176,-3.0340718072543256
2020-05-03,-1.755574974088161,-4.3504999468579335,-3.0917905564879833,-2.5512002849890054,-2.0520444460040665,-3.4214512800337253,2.5631377929750654,-2.891829421066428,-2.991809988777206
2020-05-04,-1.7392759118363064,-4.3369902551578035,-3.076265482695153,-2.5512002849890054,-2.3100859631662547,-3.3640443793620185,2.5631377929750654,-2.948324257131217,-3.012294869913185
2020-05-05,-1.637821696670714,-4.269252186949083,-2.987647059982487,-2.1836544812194028,-1.2779198945175023,-2.8473822733166574,2.1230030204439934,-2.312757351402332,-2.6502022056924095
2020-05-06,-1.5642844131949827,-4.221991967212138,-2.9243149850042505,-2.097173115626555,-1.3024952771043774,-2.6981243315702192,2.045332178232628,-2.231546024559197,-2.577930504781724
2020-05-07,-1.4984923760112558,-4.173688894080796,-2.864701490575195,-1.9746578477033543,-1.2533445119306275,-2.652198811032854,2.019441897495506,-2.143272843207963,-2.503987166891579
2020-05-08,-1.467433370963008,-4.161490669528164,-2.84175862329103,-1.931417164906931,-1.1427552902896896,-2.6407174308985124,1.9935516167583838,-2.086778007143173,-2.4642683152171014
2020-05-09,-1.4325301136342976,-4.138971356532814,-2.8116559390411306,-1.9097968235087188,-1.0690291425290643,-2.629236050764171,1.967661336021262,-2.0514687346026794,-2.431562336821905
2020-05-10,-1.4160267811505656,-4.1152132601113935,-2.790994575864744,-1.8953832625765774,-1.0444537599421893,-2.6177546706298296,1.9417710552841403,-2.033814098332433,-2.4124043370985886
2020-05-11,-1.3810540152012858,-4.082695195177045,-2.7559516024144015,-1.8737629211783657,-1.0198783773553144,-2.594791910361147,1.8899904938098966,-2.0090976075540867,-2.382524604984244
2020-05-12,-1.3614525842007519,-4.0856151846813535,-2.746678392169881,-1.888176482110507,-1.056741451235627,-2.583310530226806,1.8899904938098966,-2.0232213165702846,-2.384949854370083
2020-05-13,-1.3327355941027064,-4.075660675007574,-2.726114641732911,-1.8809697016444364,-1.0690291425290643,-2.5488663898237816,1.8641002130727748,-2.0126285348081367,-2.369371588270524
2020-05-14,-1.3283863404156582,-4.094773333581232,-2.7331102213910583,-1.9097968235087188,-1.105892216409377,-2.5373850096894404,1.8899904938098966,-2.033814098332433,-2.383462159861746
2020-05-15,-1.311833358917234,-4.056802409458913,-2.7054532785565257,-1.8377290188480124,-1.105892216409377,-2.5029408692864163,1.8382099323356529,-1.987912044029791,-2.3466826612931584
2020-05-16,-1.294179587835917,-4.031671222734871,-2.683490412187926,-1.7656612141873058,-1.1427552902896896,-2.457015348749051,1.7605390901242872,-1.949071844235248,-2.316281128211587
2020-05-17,-1.2368562540154255,-3.9926590252990573,-2.63305716348966,-1.6935934095265999,-1.1181799077028145,-2.4340525884803683,1.7087585286500433,-1.8996388626785565,-2.2663480130841083
2020-05-18,-1.1744261643980072,-3.9582448632839906,-2.5820893688374507,-1.6143188243998225,-1.0936045251159396,-2.4340525884803683,1.7087585286500433,-1.853736808375915,-2.2179130886066827
2020-05-19,-1.1094852531804338,-3.894061977101619,-2.515154918952196,-1.5206306783409043,-1.0936045251159396,-2.399608448077344,1.6310876864386776,-1.7972419723111253,-2.1561984456316607
2020-05-20,-1.0673970741541041,-3.85922119324339,-2.475087213534772,-1.4629764346123393,-1.130467598996252,-2.3422015474056375,1.605197405701556,-1.7619326997706317,-2.118509956652702
2020-05-21,-1.0230534113174654,-3.827366762287294,-2.435251919401672,-1.3837018494855624,-1.105892216409377,-2.296276026868272,1.5534168442273122,-1.7019069364517927,-2.0685794279267324
2020-05-22,-1.0072224683469952,-3.8416348928197124,-2.4336017992829726,-1.3981154104177036,-1.130467598996252,-2.2847946467339306,1.579307124964434,-1.7124997182139405,-2.0730507587484563
2020-05-23,-0.9864975510711381,-3.836183613712642,-2.41961063996668,-1.3837018494855624,-1.130467598996252,-2.261831886465248,1.579307124964434,-1.6983760091977431,-2.058993324582212
2020-05-24,-0.9665812034631279,-3.8204934103696844,-2.4010409783492084,-1.3620815080873503,-1.1427552902896896,-2.227387746062224,1.5275265634901902,-1.6807213729274966,-2.0408811756383525
2020-05-25,-0.9533887509877361,-3.8275089695683477,-2.3972759155431618,-1.3548747276212798,-1.1427552902896896,-2.169980845390517,1.4757460020159467,-1.6595358094032004,-2.028405862473181
2020-05-26,-0.9090450881510975,-3.8253758603525383,-2.372012808937165,-1.3404611666891386,-1.056741451235627,-2.1584994652561753,1.4498557212788248,-1.6242265368627067,-1.9981196728999358
2020-05-27,-0.8538495692459911,-3.805988267702176,-2.332363443831524,-1.2828069229605734,-0.8355630079537515,-2.0896111844501273,1.398075159804581,-1.5112368647331271,-1.9218001542823255
2020-05-28,-0.8626161666973805,-3.84049723457128,-2.354070657787368,-1.4629764346123393,-1.6342629420271906,-2.147018085121834,1.4239654405417028,-1.8466749538678164,-2.1003728058275923
2020-05-29,-0.7427350743645479,-3.807599950220788,-2.272471055861281,-1.6575595071962466,-2.4944013325678176,-2.686642951435878,1.6310876864386776,-2.355128478450925,-2.313799767156103
2020-05-30,-0.688986469601904,-3.763041668823869,-2.221270849924746,-1.5782849220694695,-2.297798271872817,-2.6407174308985124,1.5275265634901902,-2.2456697335753946,-2.2334702917500704
2020-05-31,-0.6354506463307991,-3.716919107335356,-2.1694198923921055,-1.506217117408763,-2.211784432818754,-2.583310530226806,1.4757460020159467,-2.1679893339863083,-2.168704613189207
2020-06-01,-0.5981713290132405,-3.657049842011623,-2.1197071186752448,-1.448562873680198,-2.1749213589384415,-2.5373850096894404,1.4239654405417028,-2.1150254251755682,-2.1173662719254063
2020-06-02,-0.5730631130116887,-3.6344862867510557,-2.0949320757663275,-1.4269425322819862,-2.162633667645004,-2.4684967288833923,1.398075159804581,-2.0797161526350747,-2.087324114200701
2020-06-03,-0.5142503087504272,-3.5648047190345964,-2.028648377477179,-1.3837018494855624,-2.285510580579379,-2.411089828211686,1.3721848790674593,-2.076185225381025,-2.0524168014291018
2020-06-04,-0.43411679903699957,-3.495170553745156,-1.95074411497184,-1.0666035089784542,-1.413084498745315,-2.1929436056591998,1.2686237561189717,-1.6030409733384103,-1.776892544155125
2020-06-05,-0.479822263419485,-3.4520817475857943,-1.9545789011631824,-0.7783322903356288,-0.4423568865637508,-1.5729490784047662,0.9320501065363873,-0.9921905583878706,-1.4733847297755265
2020-06-06,-0.45505449780439483,-3.435348690848441,-1.9328484460789066,-0.7711255098695581,-0.5529461082046885,-1.5499863181360836,0.9320501065363873,-1.0133761219121669,-1.4731122839955368
2020-06-07,-0.41577503446637476,-3.4172883661545828,-1.902542014603083,-0.7495051684713463,-0.5283707256178135,-1.5499863181360836,0.9061598257992655,-0.9957214856419201,-1.4491317501225014
2020-06-08,-0.3543237397100341,-3.3824001798693355,-1.851876354620494,-0.6990577052088518,-0.4792199604440634,-1.5499863181360836,0.8543792643250218,-0.956881285847377,-1.4043788202339353
2020-06-09,-0.27912676060030184,-3.292809592805317,-1.76688354794328,-0.6197831200820748,-0.4423568865637508,-1.5385049380017424,0.7767084221136561,-0.9039173770366367,-1.3354004624899583
2020-06-10,-0.23865572090966555,-3.263183075919067,-1.730255529533848,-0.6125763396160041,-0.45464457785718837,-1.5155421777330593,0.7508181413765341,-0.896855522528538,-1.3135555260311929
2020-06-11,-0.18473689095379023,-3.2702460375447497,-1.7042719479464468,-0.6630238028784986,-0.4792199604440634,-1.5155421777330593,0.7508181413765341,-0.9286338678149823,-1.3164529078807146
2020-06-12,-0.13613759828638017,-3.239624069691122,-1.662716810309351,-0.634196681014216,-0.45464457785718837,-1.504060797598718,0.7249278606394124,-0.9039173770366369,-1.283317093672994
2020-06-13,-0.09366641257528033,-3.203598225157443,-1.6218589065252258,-0.6125763396160041,-0.43006919527031334,-1.4925794174643767,0.6990375799022904,-0.8827318135123405,-1.2522953600187832
2020-06-14,-0.06843052767880571,-3.1798970116484435,-1.5964563531486349,-0.6125763396160041,-0.45464457785718837,-1.4810980373300353,0.6731472991651687,-0.88626274076639,-1.2413595469575125
2020-06-15,-0.04728004741987153,-3.1667665393644575,-1.5784677197419723,-0.6269899005481454,-0.4792199604440634,-1.4696166571956941,0.6472570184280467,-0.896855522528538,-1.2376616211352551
2020-06-16,-0.027108362022014172,-3.1568120296906774,-1.5625707878942239,-0.634196681014216,-0.516083034324376,-1.4696166571956941,0.621366737690925,-0.9109792315447353,-1.2367750097194796
2020-06-17,-0.0330236874867867,-3.190799569862583,-1.5824651938323417,-0.6558170224124279,-0.5037953430309384,-1.504060797598718,0.6472570184280467,-0.9286338678149823,-1.255549530823662
2020-06-18,-0.008553815959850407,-3.1545367131938136,-1.5513220817329523,-0.6269899005481454,-0.41778150397687575,-1.504060797598718,0.6472570184280467,-0.8897936680204394,-1.2205578748766959
2020-06-19,0.02600189826601374,-3.12453097689142,-1.5177386511481628,-0.6197831200820748,-0.43006919527031334,-1.527023557867401,0.621366737690925,-0.896855522528538,-1.2072970868383504
2020-06-20,0.08464447733404462,-3.0644246994325965,-1.456242625316084,-0.5693356568195803,-0.40549381268343826,-1.5499863181360836,0.5695861762166812,-0.8721390317501923,-1.1641908285331382
2020-06-21,0.14358495049022973,-2.992183400657166,-1.3886341827062898,-0.5116814130910152,-0.35634304750968815,-1.5385049380017424,0.4919153340053155,-0.8262369774475509,-1.1074355800769204
2020-06-22,0.203716999999031,-2.926768051372327,-1.3237217109946517,-0.4828542912267327,-0.34405535621625066,-1.527023557867401,0.44013477253107175,-0.8050514139232545,-1.064386562458953
2020-06-23,0.2872975698753831,-2.8704065656479254,-1.250442433047357,-0.4972678521588739,-0.35634304750968815,-1.5385049380017424,0.41424449179394995,-0.819175122939452,-1.0348087779934045
2020-06-24,0.3910072688512838,-2.773563407250154,-1.1463221776702928,-0.4756475107606621,-0.35634304750968815,-1.5614676982704248,0.36246393031970625,-0.8156441956854027,-0.9809831866778478
2020-06-25,0.47692843513455946,-2.7204726889899953,-1.0733682755210516,-0.43240682796423824,-0.3317676649228131,-1.5385049380017424,0.25890280737121873,-0.780334923144909,-0.9268515993329803
2020-06-26,0.5040793534548823,-2.724881114702668,-1.0607018605254044,-0.46844073029459143,-0.35634304750968815,-1.5385049380017424,0.25890280737121873,-0.8050514139232546,-0.9328766372243296
2020-06-27,0.5307195961955116,-2.698762377415751,-1.0333470523604928,-0.46123394982852073,-0.34405535621625066,-1.5155421777330593,0.23301252663409683,-0.7909277049070572,-0.912137378633775
2020-06-28,0.554210672861371,-2.690940976957781,-1.016683163274476,-0.4756475107606621,-0.40549381268343826,-1.5499863181360836,0.23301252663409683,-0.8262369774475509,-0.9214600703610134
2020-06-29,0.585659777310772,-2.6782371265169562,-0.9932793469430687,-0.4756475107606621,-0.38091843009656323,-1.5729490784047662,0.23301252663409683,-0.8262369774475509,-0.9097581621953098
2020-06-30,0.6164279809872496,-2.630692492217904,-0.95316515926878,-0.43961360843030883,-0.3194799736293756,-1.5729490784047662,0.20712224589697498,-0.7909277049070572,-0.8720464320879187
2020-07-01,0.6372380108597216,-2.5994068903860246,-0.9264611026999747,-0.40357970609995564,-0.258041517162188,-1.5729490784047662,0.1812319651598531,-0.7556184323665636,-0.8410397675332691
2020-07-02,0.690986615622366,-2.558783010431599,-0.8771899104233288,-0.34592546237139055,-0.20889075198843787,-1.5959118386734488,0.1553416844227312,-0.7203091598260699,-0.7987495351246994
2020-07-03,0.735543059950543,-2.498866342680848,-0.8234796626160985,-0.2738576577106842,-0.1228769129343752,-1.6073932188077904,0.0776708422113656,-0.6638143237612801,-0.7436469931886893
2020-07-04,0.7735883906376404,-2.4497100258631828,-0.7786010436131718,-0.24503053584640166,-0.07372614776062517,-1.6533187393451556,0.0776708422113656,-0.6496906147450826,-0.7141458291791272
2020-07-05,0.8210812195490496,-2.3849109081295783,-0.7208933217155716,-0.1945830725839072,0.024575382586875038,-1.6418373592108144,0.05178056147424373,-0.5931957786802928,-0.6570445501979323
2020-07-06,0.8724466716064615,-2.3188793272935055,-0.6604663877913824,-0.15134238978748335,0.049150765173750076,-1.6533187393451556,0.025890280737121865,-0.5684792879019473,-0.6144728378466648
2020-07-07,0.997477076034528,-2.262802256131212,-0.5646896975215431,-0.12972204838927143,0.06143845646718764,-1.6762814996138382,0.0,-0.5614174333938486,-0.5630535654576958
2020-07-08,1.008924720279304,-2.263939914379644,-0.5589956210556107,-0.1369288288553421,0.06143845646718764,-1.7107256400168627,0.0,-0.5755411424100461,-0.5672683817328283
2020-07-09,1.0205851460156166,-2.219286828128689,-0.530734408881836,-0.08648136559284764,0.13516460422781276,-1.7336884002855453,0.05178056147424373,-0.536700942615503,-0.5337176757486695
2020-07-10,1.0588007018959453,-2.1350053128906863,-0.46854114919678597,-0.04324068279642384,0.15973998681468787,-1.7451697804198865,0.05178056147424373,-0.5119844518371575,-0.4902628005169717
2020-07-11,1.1056977426310468,-2.1133424037434603,-0.4323082299707064,-0.04324068279642384,0.13516460422781276,-1.7451697804198865,0.025890280737121865,-0.5190463063452562,-0.4756772681579813
2020-07-12,1.127699348856136,-2.0889301538291907,-0.4083233854284902,-0.04324068279642384,0.12287691293437528,-1.7681325406885695,0.025890280737121865,-0.5296390881074043,-0.4689812367679473
2020-07-13,1.1334870054259854,-2.0551322233653577,-0.3885916673893977,-0.05044746326249447,0.09830153034750023,-1.779613920822911,0.05178056147424373,-0.5437627971236018,-0.46617723225649976
2020-07-14,1.047991402125786,-2.0850431548137145,-0.4499482464508823,-0.09368814605891831,0.036863073880312604,-1.8025766810915935,0.10356112294848749,-0.5896648514262435,-0.5198065489385629
2020-07-15,1.0582900263162527,-2.0299615346187996,-0.4173177021318201,-0.09368814605891831,0.0,-1.8140580612259347,0.1553416844227312,-0.603788560442441,-0.5105531312871305
2020-07-16,1.0357777445114709,-2.0487328957179276,-0.43881574593177136,-0.16575595071962465,-0.11058922164093768,-1.8485022016289592,0.1812319651598531,-0.6814689600315269,-0.5601423529816492
2020-07-17,1.0587155892993305,-2.051766651047079,-0.4277762099263915,-0.1801695116517659,-0.1351646042278127,-1.8714649618976418,0.20712224589697498,-0.702654523555823,-0.5652153667411073
2020-07-18,1.0359479697047032,-2.055938064624663,-0.4422554329397645,-0.20899663351604844,-0.18431536940156285,-1.9059091023006656,0.23301252663409683,-0.741494723350366,-0.5918750781450652
2020-07-19,1.049523428864864,-2.036266057412194,-0.425196444670397,-0.21620341398211912,-0.18431536940156285,-1.917390482435007,0.25890280737121873,-0.7485565778584647,-0.5868765112644309
2020-07-20,1.0656522659234864,-2.0410063001139935,-0.41871216983776277,-0.21620341398211912,-0.20889075198843787,-1.94035324270369,0.25890280737121873,-0.7626802868746623,-0.5906962283562125
2020-07-21,1.0724612736527221,-2.0340381433423476,-0.41157714340902113,-0.20899663351604844,-0.22117844328187544,-1.9518346228380312,0.25890280737121873,-0.7662112141287116,-0.5888941787688664
2020-07-22,1.103527371417353,-2.0257427186141985,-0.39054392217771705,-0.22341019444818974,-0.23346613457531293,-1.9977601433753966,0.28479308810834053,-0.7909277049070572,-0.5907358135423871
2020-07-23,1.1552332738612279,-1.991375959026149,-0.34545613301889955,-0.17296273118569527,-0.22117844328187544,-1.9633160029723726,0.23301252663409683,-0.7520875051125142,-0.5487718190657069
2020-07-24,1.172213236886006,-1.9829857294439626,-0.33206924304184987,-0.1801695116517659,-0.23346613457531293,-1.9747973831067138,0.23301252663409683,-0.7626802868746623,-0.5473747649582561
2020-07-25,1.1948531875857098,-1.9661578678525724,-0.31145436212232747,-0.1801695116517659,-0.22117844328187544,-1.9747973831067138,0.23301252663409683,-0.7591493596206129,-0.5353018608714701
2020-07-26,1.205875268847407,-1.988816227967176,-0.31654416924901857,-0.20178985304997782,-0.24575382586875044,-1.9977601433753966,0.23301252663409683,-0.7838658503989584,-0.5502050098239885
2020-07-27,1.2131098395597188,-1.9976804818195433,-0.3169392684323701,-0.22341019444818974,-0.2703292084556255,-2.0207229036440792,0.23301252663409683,-0.808582341177304,-0.562760804804837
2020-07-28,1.272135425312519,-1.9584312722486394,-0.2654601689546473,-0.22341019444818974,-0.2703292084556255,-2.0322042837784204,0.20712224589697498,-0.8121132684313533,-0.5387867186930003
2020-07-29,1.3474600733171744,-1.9128775398843418,-0.20198864720581589,-0.22341019444818974,-0.282616899749063,-2.0207229036440792,0.10356112294848749,-0.8121132684313533,-0.5070509578185847
2020-07-30,1.3924846369267372,-1.9010743355568602,-0.17161249234469655,-0.23061697491426036,-0.282616899749063,-2.0551670440471033,0.05178056147424373,-0.8262369774475509,-0.4989247348961237
2020-07-31,1.4090390369684382,-1.874623781280816,-0.1496031437192315,-0.24503053584640166,-0.282616899749063,-2.0551670440471033,0.05178056147424373,-0.8332988319556496,-0.49145098783744057
2020-08-01,1.4275935830306024,-1.8375550833527414,-0.12129544928859282,-0.21620341398211912,-0.22117844328187544,-2.0551670440471033,0.0776708422113656,-0.8015204866692053,-0.46140796797889905
2020-08-02,1.4650856818396982,-1.7455943749378224,-0.05573222598084642,-0.15854917025355403,-0.1228769129343752,-2.0551670440471033,0.0776708422113656,-0.7450256506044154,-0.4003789382926309
2020-08-03,1.517302259863265,-1.6691816625848075,0.010249337638679521,-0.10089492652498894,-0.049150765173750076,-2.0436856639127616,0.05178056147424373,-0.692061741793675,-0.3409062020774977
2020-08-04,1.535218461450812,-1.6099760312393265,0.049062022120756194,-0.05765424372856509,0.0,-2.0436856639127616,0.0,-0.6567524692531813,-0.3038452235662126
2020-08-05,1.5381122897357362,-1.5853267691899668,0.06272780563899451,-0.02162034139821192,0.049150765173750076,-2.0436856639127616,-0.02589028073712188,-0.6249741239667371,-0.2811231591638713
2020-08-06,1.5479427946448199,-1.5797806852288607,0.0708157183334633,-0.007206780466070669,0.09830153034750023,-2.0436856639127616,-0.02589028073712188,-0.603788560442441,-0.26648642105448883
2020-08-07,1.5818176080977602,-1.5535671430879079,0.10216800058874469,0.02882712186428259,0.14745229552125033,-2.0551670440471033,-0.051780561474243744,-0.5755411424100461,-0.23668657091065068
2020-08-08,1.603053200953311,-1.5223763461100641,0.12905798618500794,0.036033902330353175,0.13516460422781276,-2.0666484241814445,-0.07767084221136562,-0.5790720696640954,-0.22500704173954372
2020-08-09,1.6167988853067026,-1.5165932500138688,0.1394002883374165,0.04324068279642384,0.12287691293437528,-2.0781298043157856,-0.12945140368560937,-0.5826029969181448,-0.22160135429036415
2020-08-10,1.6089259701197745,-1.5292971004546925,0.12887205715754885,0.036033902330353175,0.12287691293437528,-2.0896111844501273,-0.12945140368560937,-0.5896648514262435,-0.2303963971343473
2020-08-11,1.6190969254153191,-1.500713436962839,0.14844108729761352,0.04324068279642384,0.12287691293437528,-2.101092564584469,-0.10356112294848749,-0.5896648514262435,-0.22061188206431498
2020-08-12,1.5807537006400685,-1.5129906655605005,0.12148137831605296,0.04324068279642384,0.11058922164093772,-2.0896111844501273,-0.051780561474243744,-0.5896648514262435,-0.23409173655509524
2020-08-13,1.5642844131949825,-1.4672473234881311,0.1349147505499687,0.07927458512677701,0.13516460422781276,-2.101092564584469,0.0,-0.5684792879019473,-0.21678226867598932
2020-08-14,1.5389208594035841,-1.4711343225036073,0.11915726547281383,0.07927458512677701,0.11058922164093772,-2.1584994652561753,0.05178056147424373,-0.5931957786802928,-0.23701925660373951
2020-08-15,1.5655185458459064,-1.4350610755429094,0.15136946948009336,0.11530848745713018,0.1966030606950003,-2.204424985793541,0.0776708422113656,-0.564948360647898,-0.20678944558390233
2020-08-16,1.6393111671114844,-1.403159242159796,0.20731086561683165,0.18737629211783652,0.5529461082046885,-2.2733132665995894,0.0776708422113656,-0.448427761264269,-0.12055844782371866
2020-08-17,1.6708028278591924,-1.3572736928063729,0.2470067129793382,-0.07927458512677701,-0.4792199604440634,-2.8014567527792917,0.36246393031970625,-1.0380926126905123,-0.3955429498555871
2020-08-18,1.615820090445625,-1.3988456213011584,0.196596705409506,-0.1801695116517659,-0.6143845646718762,-3.2377491978842627,0.595476456953803,-1.2605410296956223,-0.5319721621430582
2020-08-19,1.6427582272744086,-1.394105378599359,0.21363245255044067,-0.24503053584640166,-0.774124551486564,-3.3640443793620185,0.5695861762166812,-1.3770616290792512,-0.5817145882644053
2020-08-20,1.6967196135285914,-1.4170481532760695,0.23185349724142615,-0.30268477957496676,-0.847850699247189,-3.3640443793620185,0.5436958954795593,-1.4264946106359422,-0.597320556697258
2020-08-21,1.6851443003888926,-1.4027326203166344,0.23255073109439695,-0.3098915600410374,-0.8355630079537515,-3.260711958152947,0.4919153340053155,-1.394716265349498,-0.5810827671275505
2020-08-22,1.640843193850561,-1.3941527810263767,0.21256336064255066,-0.3315119014392493,-0.8847137731275018,-3.1688609170782147,0.44013477253107175,-1.3911853380954489,-0.5893109887264492
2020-08-23,1.5344524480812738,-1.4183754212325737,0.14258432293265377,-0.4252000474981676,-1.2779198945175023,-3.0425657356004603,0.44013477253107175,-1.5112368647331271,-0.6843262709002367
2020-08-24,1.4652559070329296,-1.4305104425491817,0.09884451922291491,-0.17296273118569527,-0.2703292084556255,-2.457015348749051,0.1553416844227312,-0.918041086052834,-0.4095982834149595
2020-08-25,1.458319230408772,-1.3865683927034964,0.11660074134525214,-0.09368814605891831,-0.17202767810812533,-1.9518346228380312,-0.07767084221136562,-0.6955926690477243,-0.2894959638512361
2020-08-26,1.4112945207787477,-1.3697405311121067,0.09916989502096754,-0.036033902330353175,-0.012287691293437479,-1.2973959551805736,-0.10356112294848749,-0.42018034323187414,-0.16050522410545331
2020-08-27,1.304605880921307,-1.3671333976261169,0.04218264810477096,-0.02162034139821192,0.024575382586875038,-1.274433194911891,-0.07767084221136562,-0.3954638524535286,-0.17664060217437882
2020-08-28,1.2686883651495957,-1.3638152277348556,0.02419401469810804,-0.02162034139821192,0.06143845646718764,-1.2399890545088668,-0.051780561474243744,-0.3742782889292324,-0.17504213711556216
2020-08-29,1.1616592749056929,-1.44430454881142,-0.07372085938751038,-0.07927458512677701,0.036863073880312604,-1.2055449141058427,-0.051780561474243744,-0.39899477970757796,-0.23635781954754417
2020-08-30,1.0476509517393238,-1.495356962709805,-0.1610145377795306,-0.12251526792320086,0.036863073880312604,-1.148138013434136,-0.07767084221136562,-0.4025257069616273,-0.28177012237057897
2020-08-31,0.9284082038811067,-1.5821508065797614,-0.26869068580674854,-0.15854917025355403,0.024575382586875038,-1.1022124928967705,-0.12945140368560937,-0.409587561469726,-0.3391391236382373
2020-09-01,0.8080164359685822,-1.6852984877709272,-0.38501253361081156,-0.15854917025355403,0.06143845646718764,-1.0448055922250636,-0.1812319651598531,-0.38134014343733114,-0.38317633852407135
2020-09-02,0.6906461652359038,-1.7723293437759746,-0.4917822776291668,-0.14413560932141278,0.07372614776062521,-1.527023557867401,-0.10356112294848749,-0.5190463063452562,-0.5054142919872116
2020-09-03,0.5921283346535432,-1.7964097767011178,-0.5573919831937767,-0.15134238978748335,0.06143845646718764,-1.5499863181360836,-0.07767084221136562,-0.5331700153614537,-0.5452809992776152
2020-09-04,0.47735399811763735,-1.8592653949269844,-0.650891042877242,-0.20178985304997782,-0.024575382586875038,-1.527023557867401,-0.12945140368560937,-0.5755411424100461,-0.6132160926436441
2020-09-05,0.4356062694777679,-1.8968081171252398,-0.692097563587853,-0.1945830725839072,-0.049150765173750076,-1.504060797598718,-0.1812319651598531,-0.5720102151559967,-0.6320538893719249
2020-09-06,0.4070935496115999,-1.9607539911725202,-0.7390214018928282,-0.20899663351604844,-0.07372614776062517,-1.4925794174643767,-0.1812319651598531,-0.5826029969181448,-0.6608121994054865
2020-09-07,0.3844961552102032,-1.9960687993009307,-0.768677081772546,-0.20899663351604844,-0.07372614776062517,-1.4810980373300353,-0.1812319651598531,-0.5790720696640954,-0.6738745757183207
2020-09-08,0.36283499937157626,-2.0367874841093907,-0.8004709454680423,-0.20178985304997782,-0.049150765173750076,-1.4810980373300353,-0.20712224589697498,-0.5684792879019473,-0.6844751166849948
2020-09-09,0.33598197513940764,-2.0632854408124532,-0.8281278883025747,-0.20178985304997782,-0.0614384564671876,-1.504060797598718,-0.25890280737121873,-0.5790720696640954,-0.703599978983335
2020-09-10,0.29470236578092396,-2.148277992455726,-0.8923431261612415,-0.20899663351604844,-0.0614384564671876,-1.5155421777330593,-0.2847930881083406,-0.5861339241721941,-0.7392385251667177
2020-09-11,0.2657640829316781,-2.2167744994967347,-0.9417305240800496,-0.22341019444818974,-0.0614384564671876,-1.4466538969270113,-0.31068336884546244,-0.5720102151559967,-0.7568703696180232
2020-09-12,0.24946502067982426,-2.271334692994452,-0.9773824150953209,-0.24503053584640166,-0.08601383905406268,-1.3892469962553045,-0.31068336884546244,-0.5720102151559967,-0.7746963151256587
2020-09-13,0.22929333528196771,-2.296884601157153,-1.0009256781973221,-0.26665087724461356,-0.11058922164093768,-1.3548028558522804,-0.31068336884546244,-0.5790720696640954,-0.7899988739307088
2020-09-14,0.22218643346457945,-2.3152293404131195,-1.0138012633488611,-0.32430512097317865,-0.18431536940156285,-1.3203587154492564,-0.2847930881083406,-0.6179122694586383,-0.8158567664037497
2020-09-15,0.20916420618241824,-2.3353753718957697,-1.0307905282329308,-0.3819593647017438,-0.258041517162188,-1.2859145750462322,-0.23301252663409683,-0.6567524692531813,-0.843771498743056
2020-09-16,0.18456666576055836,-2.3480792223365925,-1.0504525228867243,-0.4252000474981676,-0.3194799736293756,-1.2973959551805736,-0.15534168442273122,-0.6991235963017738,-0.874788059594249
2020-09-17,0.1517132034670027,-2.340163017024587,-1.0645134055883152,-0.46123394982852073,-0.35634304750968815,-1.308877335314915,-0.10356112294848749,-0.730901941588218,-0.8977076735882665
2020-09-18,0.12230680133637195,-2.380976506687084,-1.100583636915369,-0.49006107169280333,-0.3932061213900007,-1.3203587154492564,-0.051780561474243744,-0.7591493596206129,-0.929866498267991
2020-09-19,0.08447425214081397,-2.4171445585018176,-1.1389779810856604,-0.5405085349552977,-0.43006919527031334,-1.3203587154492564,0.0,-0.7944586321611066,-0.9667183066233835
2020-09-20,0.036683529141249685,-2.4787677136252166,-1.195291235277318,-0.5981627786838629,-0.45464457785718837,-1.308877335314915,0.05178056147424373,-0.8262369774475509,-1.0107641063624344
2020-09-21,-0.026597686442321824,-2.516168228542418,-1.2481880435894162,-0.6269899005481454,-0.4423568865637508,-1.2859145750462322,0.0776708422113656,-0.8297679047016002,-1.0389779741455083
2020-09-22,-0.1253708548145281,-2.5936237942898286,-1.3401067065394796,-0.6846441442767104,-0.46693226915062586,-1.274433194911891,0.1553416844227312,-0.8615462499880443,-1.100826478263762
2020-09-23,-0.22878265970227538,-2.7123194715428984,-1.4547784342248438,-0.7639187294034876,-0.46693226915062586,-1.2973959551805736,0.25890280737121873,-0.9074483042906861,-1.181113369257765
2020-09-24,-0.3010432542287747,-2.7816218198432137,-1.5282204000711654,-0.8431933145302647,-0.49150765173750094,-1.308877335314915,0.33657364958258434,-0.956881285847377,-1.2425508429592713
2020-09-25,-0.3454720296620299,-2.841206670604838,-1.581698236594073,-0.915261119190971,-0.5283707256178135,-1.274433194911891,0.38835421105682805,-0.9921905583878706,-1.2869443974909718
2020-09-26,-0.3886241161460527,-2.8971889369130963,-1.632712513503147,-0.9368814605891829,-0.516083034324376,-1.2399890545088668,0.41424449179394995,-0.9886596311338213,-1.310686072318484
2020-09-27,-0.4346274746166923,-2.950990691578525,-1.6842148541093027,-0.9512950215213242,-0.5283707256178135,-1.217026294240184,0.44013477253107175,-0.9921905583878706,-1.3382027062485866
2020-09-28,-0.4665021420491699,-3.0169274675605613,-1.7339508689545964,-0.972915362919536,-0.516083034324376,-1.1825821538371601,0.46602505326819366,-0.9886596311338213,-1.3613052500442089
2020-09-29,-0.45160743764146993,-3.0075891894380153,-1.7212379717020843,-0.9368814605891829,-0.43006919527031334,-1.1366566332997945,0.41424449179394995,-0.9321647950690316,-1.3267013833855579
2020-09-30,-0.3750061006875834,-2.907096044159858,-1.6301327482471533,-0.8648136559284765,-0.3932061213900007,-1.113693873031112,0.3106833688454624,-0.879200886258291,-1.2546668172527222
2020-10-01,-0.3584517006458824,-2.882826001526642,-1.6091924915295788,-0.814366192665982,-0.35634304750968815,-1.1366566332997945,0.28479308810834053,-0.8509534682258962,-1.2300729798777374
2020-10-02,-0.35777079987295857,-2.864813079259802,-1.5999890046703564,-0.7567119489374169,-0.282616899749063,-1.125175253165453,0.23301252663409683,-0.7979895594151559,-1.1989892820427561
2020-10-03,-0.3570898991000352,-2.8371774643083083,-1.5860675687393606,-0.7278848270731343,-0.23346613457531293,-1.113693873031112,0.20712224589697498,-0.7662112141287116,-1.1761393914340361
2020-10-04,-0.34857863943849265,-2.8444300356420626,-1.5849752357030396,-0.7134712661409931,-0.18431536940156285,-1.1022124928967705,0.20712224589697498,-0.741494723350366,-1.1632349795267027
2020-10-05,-0.33117311343063677,-2.8097788614919055,-1.5584803492901251,-0.6558170224124279,-0.11058922164093768,-1.090731112762429,0.1812319651598531,-0.6885308145396256,-1.1235055819148754
2020-10-06,-0.3159379586364751,-2.794136060575965,-1.5424904529286476,-0.6197831200820748,-0.09830153034750015,-1.0792497326280879,0.1812319651598531,-0.6638143237612801,-1.1031523883449639
2020-10-07,-0.3262365828269423,-2.7957003406675596,-1.5488817632475524,-0.5837492177517216,-0.03686307388031256,-1.056286972359405,0.1812319651598531,-0.6214431967126878,-1.08516247998012
2020-10-08,-0.3553450908694196,-2.851018972997564,-1.5919010919758876,-0.6125763396160041,0.036863073880312604,-1.0448055922250636,0.20712224589697498,-0.6108504149505397,-1.1013757534632136
2020-10-09,-0.37236761019250514,-2.9096557752188295,-1.6299468192196946,-0.6558170224124279,0.01228769129343756,-1.056286972359405,0.25890280737121873,-0.6426287602369839,-1.1362877897283392
2020-10-10,-0.3884113346545134,-2.989860681733284,-1.6780327139462887,-0.735091607539205,-0.08601383905406268,-1.0677683524937465,0.33657364958258434,-0.7132473053179711,-1.1956400096321298
2020-10-11,-0.38492171819328064,-2.98995548658732,-1.676173423671699,-0.735091607539205,-0.049150765173750076,-1.056286972359405,0.36246393031970625,-0.6991235963017738,-1.1876485099867364
2020-10-12,-0.40432739022159925,-3.0436150339716947,-1.7130803356223188,-0.7855390708016993,-0.09830153034750015,-1.056286972359405,0.41424449179394995,-0.7379637960963167,-1.2255220658593178
2020-10-13,-0.4496072916210072,-3.088220717795632,-1.7596787981292417,-0.8359865340641938,-0.1351646042278127,-1.0677683524937465,0.4919153340053155,-0.7768039958908597,-1.2682413970100508
2020-10-14,-0.5271023108393561,-3.1989053848826603,-1.8562689278942142,-0.9296746801231122,-0.19660306069500036,-1.113693873031112,0.621366737690925,-0.8544843954799457,-1.35537666168708
2020-10-15,-0.5246766018358163,-3.188097631522557,-1.8496452062909858,-0.9585018019873947,-0.29490459104250055,-1.125175253165453,0.6472570184280467,-0.9003864497825873,-1.3750158280367866
2020-10-16,-0.5151014347165808,-3.155911383577335,-1.828635226188114,-0.9368814605891829,-0.29490459104250055,-1.1022124928967705,0.6472570184280467,-0.8827318135123405,-1.3556835198502273
2020-10-17,-0.5005471806953421,-3.1040531284196438,-1.795260965759216,-0.872020436394547,-0.22117844328187544,-1.090731112762429,0.595476456953803,-0.8262369774475509,-1.3107489716033833
2020-10-18,-0.4896953246268747,-3.083338267812778,-1.7791781048840085,-0.8504000949963352,-0.22117844328187544,-1.1022124928967705,0.5695861762166812,-0.819175122939452,-1.2991766139117302
2020-10-19,-0.4247118571109943,-3.0267871723803053,-1.715962235547934,-0.7278848270731343,0.11058922164093772,-1.1711007737028185,0.4919153340053155,-0.6849998872855763,-1.2004810614167551
2020-10-20,-0.4023698004994444,-3.02218913695956,-1.7015062536629937,-1.0161560457159597,-0.8847137731275018,-1.9059091023006656,0.8802695450621436,-1.338221429284708,-1.519863841473851
2020-10-21,-0.3979865017737493,-2.984646414761304,-1.6807054437160127,-0.9945357043177478,-0.7864122427800014,-2.0207229036440792,0.8543792643250218,-1.3346905020306588,-1.5076979728733357
2020-10-22,-0.3956884616651331,-2.9997203865530278,-1.6868411016221616,-1.0449831675802423,-0.7986999340734391,-2.0896111844501273,0.8543792643250218,-1.3841234835873502,-1.535482292604756
2020-10-23,-0.34942976540464626,-2.953550422637496,-1.6389411359230255,-1.0161560457159597,-0.7372614776062514,-2.307757407002613,0.9320501065363873,-1.4194327561278435,-1.5291869460254346
2020-10-24,-0.3090863946089328,-2.8971889369130963,-1.589274844463028,-1.0017424847838186,-0.7249737863128138,-2.5029408692864163,1.0097209487477528,-1.4688657376845347,-1.5290702910737815
2020-10-25,-0.2934256768316937,-2.8522514361000324,-1.5586895194460164,-1.0017424847838186,-0.7618368601931264,-2.686642951435878,1.0873917909591186,-1.5359533555114724,-1.5473214374787445
2020-10-26,-0.3406631679532582,-2.8785597830950223,-1.5973859982859298,-1.1386713136391606,-1.105892216409377,-2.8244195130479746,1.2427334753818498,-1.7442780635003852,-1.6708320308931575
2020-10-27,-0.38168743952189466,-2.8883246830607296,-1.6245781185518149,-0.893640777792759,-0.14745229552125025,-2.296276026868272,0.9320501065363873,-1.1863915573605857,-1.4054848379562004
2020-10-28,-0.4176475115919139,-2.922881052356851,-1.661159654704381,-0.9440882410552534,-0.18431536940156285,-2.215906365927882,0.9061598257992655,-1.196984339122734,-1.4290719969135575
2020-10-29,-0.4925465966134919,-2.9507536794434346,-1.7157298242636099,-1.13146453317309,-0.9953029947684394,-2.3422015474056375,0.9320501065363873,-1.560669846289818,-1.638199835276714
2020-10-30,-0.5722545433438416,-3.0146995534907157,-1.7906127400727394,-1.2035323378337963,-0.9953029947684394,-2.147018085121834,0.8802695450621436,-1.5359533555114724,-1.663283047792106
2020-10-31,-0.6598779615594267,-3.09751159349116,-1.8790684748863786,-1.2539798010962908,-0.9830153034750019,-1.9633160029723726,0.8543792643250218,-1.5006440829709786,-1.6898562789286786
2020-11-01,-0.7378411000591605,-3.190467752873457,-1.9672220750303968,-1.3044272643587853,-0.9707276121815642,-1.779613920822911,0.8284889835878998,-1.465334810430485,-1.716278442730441
2020-11-02,-0.7966964606187299,-3.245454568214335,-2.0263242646339403,-1.3116340448248558,-0.9338645383012517,-1.5959118386734488,0.8025987028507781,-1.4017781198575965,-1.7140511922457684
2020-11-03,-0.8265709820307459,-3.2711940860851088,-2.0552594695322544,-1.2972204838927146,-0.8847137731275018,-1.4007283763896459,0.7508181413765341,-1.3205667930144613,-1.687913131273358
2020-11-04,-0.8179746097725868,-3.2671648797885795,-2.048589265672161,-1.275600142494503,-0.9215768470078142,-1.3662842359866216,0.8025987028507781,-1.3099740112523135,-1.6792816384622373
2020-11-05,-0.8018032164156558,-3.2509058473214054,-2.0317859298155496,-1.0810170699105954,-0.09830153034750015,-1.217026294240184,0.8025987028507781,-0.9321647950690316,-1.4819753624422907
2020-11-06,-0.826102862749361,-3.247208458014002,-2.043243806132713,-1.052189948046313,-0.1228769129343752,-1.2285076743745256,0.8284889835878998,-0.9286338678149823,-1.4859388369738475
2020-11-07,-0.8336778838481338,-3.2326085104924576,-2.040222459436504,-1.0161560457159597,-0.11058922164093768,-1.2514704346432082,0.8284889835878998,-0.9145101587987848,-1.4773663091176443
2020-11-08,-0.8909586613703182,-3.278446657418863,-2.0939791895005997,-1.1170509722409487,-0.14745229552125025,-1.3892469962553045,0.9579403872735093,-1.0169070491662167,-1.5554431193334082
2020-11-09,-0.9513460486689659,-3.326702328123186,-2.1506178194903103,-1.2179458987659375,-0.1597399868146878,-1.527023557867401,1.0873917909591186,-1.112242085025549,-1.6314299522579296
2020-11-10,-1.0350968437385482,-3.4111260506422427,-2.2377488099833043,-1.3404611666891386,-0.18431536940156285,-1.664800119479497,1.2427334753818498,-1.2217008299010792,-1.7297248199421917
2020-11-11,-1.138125641941526,-3.5322392516732304,-2.353396665062828,-1.4773899955444805,-0.20889075198843787,-1.7451697804198865,1.3204043175932154,-1.3205667930144613,-1.8369817290386448
2020-11-12,-1.2151099855801817,-3.5861358111926958,-2.421865029424621,-1.628732385331964,-0.24575382586875044,-1.8599835817633004,1.398075159804581,-1.4406183196521398,-1.9312416745383802
2020-11-13,-1.2486443486466619,-3.646668710494681,-2.4698579596374857,-1.744040872789094,-0.3317676649228131,-1.9747973831067138,1.5016362827530685,-1.5571389190357685,-2.013498439336627
2020-11-14,-1.2820935991165257,-3.7030775986461,-2.5157824294198696,-1.888176482110507,-0.41778150397687575,-2.0896111844501273,1.6310876864386776,-1.6877832274355953,-2.1017828284277327
2020-11-15,-1.259921767698206,-3.687766614719286,-2.4961669170229404,-1.888176482110507,-0.45464457785718837,-2.101092564584469,1.6310876864386776,-1.7019069364517927,-2.0990369267373667
2020-11-16,-1.266517993935902,-3.7013237088464335,-2.50641625466162,-1.9025900430426483,-0.5283707256178135,-2.101092564584469,1.6310876864386776,-1.7301543544841873,-2.1182853045729035
2020-11-17,-1.2732844453668284,-3.729433348068108,-2.5238935832427702,-1.9170036039747893,-0.6020968733784386,-2.11257394471881,1.6569779671757998,-1.7619326997706317,-2.142913141506701
2020-11-18,-1.2661775435494402,-3.7243612883771813,-2.517525514052298,-1.9242103844408602,-0.6389599472587512,-2.11257394471881,1.6569779671757998,-1.7760564087868291,-2.1467909614195637
2020-11-19,-1.2708587363632886,-3.7276794582684416,-2.5217089171701264,-1.931417164906931,-0.6635353298456261,-2.11257394471881,1.6569779671757998,-1.7866491905489772,-2.1541790538595516
2020-11-20,-1.2820510428182177,-3.736685919401862,-2.5322371483499952,-1.945830725839072,-0.7126860950193763,-2.1240553248531513,1.6828682479129216,-1.8113656813273227,-2.171801414838659
2020-11-21,-1.286647123035451,-3.760766352327005,-2.546553683464341,-1.9602442867712133,-0.774124551486564,-2.1240553248531513,1.7087585286500433,-1.8360821721056684,-2.1913179277850046
2020-11-22,-1.3188196845560836,-3.8035707439242583,-2.58511071553366,-1.9818646281694252,-0.8109876253668765,-2.1240553248531513,1.7346488093871655,-1.8572677356299645,-2.221189225581812
2020-11-23,-1.3292034213431656,-3.8201141909535408,-2.598892704694062,-1.9818646281694252,-0.8232753166603141,-2.1240553248531513,1.7346488093871655,-1.8607986628840139,-2.229845683789038
2020-11-24,-1.3237562151597784,-3.809164230312383,-2.590549139586837,-1.9746578477033543,-0.8355630079537515,-2.11257394471881,1.7346488093871655,-1.8572677356299645,-2.223908437608401
2020-11-25,-1.3501411201105613,-3.8328654438213823,-2.6165792034311033,-1.9818646281694252,-0.8724260818340641,-2.11257394471881,1.7605390901242872,-1.871391444646162,-2.2439853240386327
2020-11-26,-1.354779756626102,-3.8408290515604064,-2.623016996006872,-1.9602442867712133,-0.8601383905406267,-2.11257394471881,1.7605390901242872,-1.857267735629965,-2.2401423658184183
2020-11-27,-1.3514178090597928,-3.8447634530029005,-2.623109960520602,-1.9530375063051424,-0.8601383905406267,-2.101092564584469,1.7605390901242872,-1.8502058811218658,-2.236657920821234
2020-11-28,-1.3564394522601035,-3.8497407078397896,-2.6282927321610225,-1.945830725839072,-0.8355630079537515,-2.0896111844501273,1.7346488093871655,-1.8360821721056684,-2.2321874521333456
2020-11-29,-1.3532902861853324,-3.845190074846062,-2.624341740327518,-1.9097968235087188,-0.7495491688996888,-2.0666484241814445,1.7087585286500433,-1.7866491905489772,-2.205495465438248
2020-11-30,-1.3420979797304038,-3.8466595500836203,-2.618949798531206,-1.8953832625765774,-0.6881107124325013,-2.0551670440471033,1.7087585286500433,-1.758401772516582,-2.188675785523894
2020-12-01,-1.3152023991999273,-3.8352355651722823,-2.5986602934097376,-1.8593493602462243,-0.540658416911251,-2.0322042837784204,1.6569779671757998,-1.6913141546896444,-2.144987224049691
2020-12-02,-1.2840086325403726,-3.805466841004979,-2.5670291176132682,-1.787281555585518,-0.3686307388031257,-1.9862787632410552,1.605197405701556,-1.592448191576262,-2.079738654594765
2020-12-03,-1.2746888032109835,-3.7929526002722267,-2.5558036525804275,-1.744040872789094,-0.2703292084556255,-1.9288718625693486,1.579307124964434,-1.5253605737493245,-2.0405821131648763
2020-12-04,-1.2616665759288224,-3.7943746730827668,-2.5493891011330914,-1.729627311856953,-0.258041517162188,-1.9288718625693486,1.5534168442273122,-1.5147677919871765,-2.032078446560134
2020-12-05,-1.25332554146051,-3.781054591090709,-2.5383030828708457,-1.6935934095265999,-0.19660306069500036,-1.917390482435007,1.5534168442273122,-1.4759275921926334,-2.0071153375317397
2020-12-06,-1.241239552741119,-3.7726169590815046,-2.527565681535086,-1.6935934095265999,-0.22117844328187544,-1.917390482435007,1.5534168442273122,-1.482989446700732,-2.0052775641179093
2020-12-07,-1.22949401440819,-3.752565732452891,-2.5113201327608525,-1.6791798485944585,-0.22117844328187544,-1.9059091023006656,1.5275265634901902,-1.4723966649385845,-1.9918583988497185
2020-12-08,-1.2340049820288075,-3.7381079922124014,-2.5066951482028093,-1.6863866290605294,-0.29490459104250055,-1.9059091023006656,1.5275265634901902,-1.4971131557169295,-2.0019041519598693
2020-12-09,-1.2221743310992628,-3.731424250002864,-2.496957115389641,-1.7008001899926704,-0.3317676649228131,-1.3662842359866216,1.5016362827530685,-1.3488142110468564,-1.9228856632182487
2020-12-10,-1.2077903022712553,-3.733083334948493,-2.489915053474631,-1.664766287662317,-0.23346613457531293,-1.377765616120963,1.5016362827530685,-1.306443083998264,-1.8981790687364475
2020-12-11,-1.1831927618493963,-3.705163305434892,-2.462792656594043,-1.621525604865893,-0.1351646042278127,-1.3662842359866216,1.4757460020159467,-1.2534791751875236,-1.8581359158907833
2020-12-12,-1.1549353797730737,-3.692506857421086,-2.441155166023497,-1.5999052634676814,-0.08601383905406268,-1.377765616120963,1.4498557212788248,-1.2322936116632275,-1.8367243888433622
2020-12-13,-1.1112300614110506,-3.656623220168461,-2.39969299290013,-1.563871361137328,0.0,-1.377765616120963,1.4239654405417028,-1.1899224846146352,-1.7948077387573826
2020-12-14,-1.0668863985744113,-3.623204509120772,-2.359090741528762,-1.5206306783409043,0.08601383905406268,-1.3892469962553045,1.4239654405417028,-1.1475513575660428,-1.7533210495474023
2020-12-15,-0.9935193402919115,-3.6019208193896897,-2.3085877694451997,-1.4990103369426924,0.12287691293437528,-1.412209756523987,1.4498557212788248,-1.1334276485498453,-1.7210077089975226
2020-12-16,-0.9212161894671035,-3.6043383431676075,-2.270286389788637,-1.4918035564766219,0.14745229552125033,-1.9977601433753966,1.5016362827530685,-1.3029121567442146,-1.7865992732664258
2020-12-17,-0.9190032619551022,-3.6031058800651397,-2.2684735817709107,-1.4845967760105512,0.1966030606950003,-1.9633160029723726,1.5016362827530685,-1.2746647387118195,-1.771569160241365
2020-12-18,-0.8977251128012452,-3.57276832677362,-2.2419786953579974,-1.390908629951633,0.45464457785718837,-2.204424985793541,1.605197405701556,-1.228762684409178,-1.7353706898835877
2020-12-19,-0.8935545955670887,-3.569876778725522,-2.238283355937249,-1.3116340448248558,0.774124551486564,-2.4799781090177335,1.7346488093871655,-1.1828606301065363,-1.7105719930218926
2020-12-20,-0.9662833093749738,-3.6275181299794097,-2.3062636566019616,-1.2539798010962908,1.130467598996252,-2.858863653450999,1.9417710552841403,-1.1687369210903389,-1.7375002888461504
2020-12-21,-1.1970235587994036,-3.8225791171584764,-2.527914298461573,-1.5494578002051869,0.6266722559653137,-3.501820940974115,2.35601554707809,-1.6560048821491506,-2.0919595903053616
2020-12-22,-1.4688306360907786,-4.041436122700579,-2.783659675731485,-2.010691750033708,-0.540658416911251,-4.179222368900255,2.77026003887204,-2.425747023531912,-2.6047033496316985
2020-12-23,-1.6447583732948712,-4.158093495591874,-2.9369349177430326,-2.4142714561336636,-1.6834137072009405,-4.684403094811274,2.873821161820528,-3.1072159835634388,-3.0220754506532357
2020-12-24,-1.6714837286321167,-4.195256998373986,-2.969751391089554,-2.565613845921147,-1.9414552243631285,-4.833661036557712,2.89971144255765,-3.3014169825361535,-3.135584186812854
2020-12-25,-1.7161252855569091,-4.261430786491113,-3.0265759501067238,-2.71695623570863,-2.2240721241121917,-5.051807259110198,3.080943407717503,-3.5238653995412634,-3.2752206748239936
2020-12-26,-1.7443826676332324,-4.284610573302914,-3.0533729711892583,-2.839471503631831,-2.5189767151546922,-5.224027961125318,3.210394811403112,-3.7215973257680273,-3.3874851484786426
2020-12-27,-1.7455316876875402,-4.287122901934868,-3.0552322614638485,-2.954779991088961,-2.7278674671431298,-5.304397622065708,3.2880656536144772,-3.8628344159300023,-3.4590333386969254
2020-12-28,-1.6578657131736478,-4.170086309627428,-2.9499731907935987,-2.9043325278264667,-2.469825949980942,-5.212546580990978,3.210394811403112,-3.735721034784226,-3.3428471127889123
2020-12-29,-1.6395239486030222,-4.130931904910561,-2.9207590923540963,-2.897125747360396,-2.48211364127438,-5.224027961125318,3.2621753728773557,-3.7392519620382743,-3.3300055271961853
2020-12-30,-1.5694762815885237,-4.07291133424053,-2.8540570537531647,-2.666508772446136,-1.720276781081253,-4.994400358438491,3.2880656536144772,-3.336726255076648,-3.0953916544149065
2020-12-31,-1.555560372041901,-4.049115315877494,-2.834790158282722,-2.695335894310418,-1.8554413853090659,-4.959956218035467,3.3657364958258427,-3.3790973821252397,-3.106943770203981
2021-01-01,-1.5856902312437633,-4.058500996427058,-2.855846620642458,-2.7241630161747006,-1.904592150482816,-4.512182392796155,3.158614249928868,-3.269638637249709,-3.0627426289460837
2021-01-02,-1.6168414416050105,-4.075423662872484,-2.8811562095053205,-2.767403698971125,-2.027469063417191,-4.064408567556842,2.9514920040318935,-3.188427310406574,-3.0347917599559473
2021-01-03,-1.606159810729774,-4.0669386284362625,-2.8711625242793963,-2.796230820835407,-2.3100859631662547,-3.605153362183187,2.7184794773977963,-3.142525256103932,-3.0068438901916643
2021-01-04,-1.5328778650438888,-4.030201747497313,-2.813129426583743,-2.637681650581853,-2.1994967415253166,-3.0196029753317775,2.4077961085523336,-2.8529892212718844,-2.833059323927814
2021-01-05,-1.3735470841798043,-3.8961950863174293,-2.660411971654572,-2.2557222858801094,-1.105892216409377,-2.2733132665995894,1.9417710552841403,-2.1220872796836665,-2.3912496256691194
2021-01-06,-1.3026482911991513,-3.840402429717244,-2.5943374435213147,-2.140413798422979,-0.8355630079537515,-1.9977601433753966,1.8382099323356529,-1.9031697899326063,-2.2487536167269604
2021-01-07,-1.2637518345459005,-3.8295472739301224,-2.5677728337231045,-2.097173115626555,-0.7249737863128138,-1.917390482435007,1.786429370861409,-1.8254893903435205,-2.1966311120333124
2021-01-08,-1.2361753532425013,-3.800062964324927,-2.5382566006139813,-2.0755527742283437,-0.7249737863128138,-1.8599835817633004,1.7346488093871655,-1.7972419723111253,-2.1677492864625534
2021-01-09,-1.2104713490646415,-3.7757929216917114,-2.512319501283445,-2.0611392132962023,-0.7003984037259388,-1.8140580612259347,1.6828682479129216,-1.7689945542787304,-2.1406570277810877
2021-01-10,-1.2028537716675605,-3.757258572727673,-2.4990720580769885,-2.0611392132962023,-0.7126860950193763,-1.779613920822911,1.6310876864386776,-1.761932699770632,-2.1305023789238104
2021-01-11,-1.197236340290942,-3.7538930004093953,-2.494354109005215,-2.0899663351604847,-0.774124551486564,-1.7910953009572521,1.579307124964434,-1.7972419723111253,-2.1457980406581703
2021-01-12,-1.1976619032740194,-3.7565949387494215,-2.495911264610184,-2.1187934570247675,-0.8355630079537515,-1.8140580612259347,1.5275265634901902,-1.8360821721056686,-2.1659967183579263
2021-01-13,-1.2366860288221937,-3.771194886270965,-2.52438164693985,-2.1692409202872613,-0.9338645383012517,-1.8485022016289592,1.5016362827530685,-1.8996388626785572,-2.2120102548092038
2021-01-14,-1.267752126586826,-3.7754611047025852,-2.5434393722544018,-2.2124816030836856,-1.0198783773553144,-1.8714649618976418,1.4757460020159467,-1.9526027714892973,-2.2480210718718494
2021-01-15,-1.2724333194006743,-3.7732331906327388,-2.544903563345642,-2.2557222858801094,-1.105892216409377,-1.9059091023006656,1.4498557212788248,-2.009097607554087,-2.2770005854498647
2021-01-16,-1.2774975188992925,-3.779537713426133,-2.5507603277106017,-2.2917561882104627,-1.2164814380503148,-1.9288718625693486,1.4498557212788248,-2.065592443618877,-2.3081763856647393
2021-01-17,-1.2580492905726668,-3.7604345353378785,-2.5307729572587547,-2.2989629686765327,-1.2533445119306275,-1.94035324270369,1.4239654405417028,-2.0832470798891234,-2.307010018573939
2021-01-18,-1.2463888648363532,-3.7381553946394197,-2.5134815577050644,-2.2845494077443917,-1.2410568206371897,-1.9288718625693486,1.4239654405417028,-2.069123370872926,-2.291302464288995
2021-01-19,-1.243963155832813,-3.717630143740626,-2.5020934047731975,-2.2701358468122503,-1.2287691293437524,-1.917390482435007,1.4239654405417028,-2.054999661856729,-2.2785465333149633
2021-01-20,-1.239877751195273,-3.6930282841182844,-2.4878001107872834,-2.248515505414039,-1.1919060554634398,-1.8485022016289592,1.4239654405417028,-2.0126285348081363,-2.25021432279771
2021-01-21,-1.2180038138651068,-3.6593251585084867,-2.4593297284576185,-2.205274822617615,-1.130467598996252,-1.8140580612259347,1.398075159804581,-1.9631955532514451,-2.2112626408545317
2021-01-22,-1.2041730169150997,-3.6533998551312368,-2.4488712206630465,-2.198068042151544,-1.130467598996252,-1.8025766810915935,1.398075159804581,-1.9561336987433469,-2.202502459703197
2021-01-23,-1.188171848751399,-3.637520042080207,-2.4323467783476245,-2.1908612616854737,-1.105892216409377,-1.7910953009572521,1.3721848790674593,-1.942009989727149,-2.1871783840373866
2021-01-24,-1.1891080873141684,-3.650603111937175,-2.439272634620473,-2.198068042151544,-1.105892216409377,-1.779613920822911,1.3721848790674593,-1.942009989727149,-2.190641312173811
2021-01-25,-1.1824693047781645,-3.659467365789541,-2.439993109601877,-2.205274822617615,-1.1181799077028145,-1.7681325406885695,1.3721848790674593,-1.9455409169811984,-2.1927670132915376
2021-01-26,-1.1654467854550794,-3.671175765262986,-2.436437216951723,-2.219688383549756,-1.130467598996252,-1.7566511605542279,1.398075159804581,-1.952602771489297,-2.19451999422051
2021-01-27,-1.1438281859147599,-3.644962223122033,-2.411778379684968,-2.2124816030836856,-1.105892216409377,-1.7566511605542279,1.3721848790674593,-1.9420099897271492,-2.1768941847060583
2021-01-28,-1.1463390075149151,-3.6577134759898744,-2.419401469810788,-2.2413087249479684,-1.130467598996252,-1.7451697804198865,1.3721848790674593,-1.9596646259973962,-2.189533047904092
2021-01-29,-1.1408066887349124,-3.632305775108227,-2.403922878274823,-2.2341019444818975,-1.105892216409377,-1.7336884002855453,1.3462945983303372,-1.9455409169811984,-2.1747318976280106
2021-01-30,-1.133231667636139,-3.6249583989204375,-2.3961835825068407,-2.219688383549756,-1.0444537599421893,-1.7222070201512039,1.3462945983303372,-1.9172934989488035,-2.1567385407278223
2021-01-31,-1.1211882352150553,-3.60049874657915,-2.377613920889369,-2.205274822617615,-0.9953029947684394,-1.7222070201512039,1.3462945983303372,-1.8961079354245076,-2.1368609281569384
2021-02-01,-1.0945479924744257,-3.558357988960149,-2.342403611314312,-2.1692409202872613,-0.9215768470078142,-1.7107256400168627,1.3204043175932154,-1.8537368083759154,-2.0980702098451136
2021-02-02,-1.0781212613276479,-3.5137997075632295,-2.3115858750129763,-2.1187934570247675,-0.8355630079537515,-1.6992442598825213,1.2686237561189717,-1.800772899565175,-2.0561793872890757
2021-02-03,-1.072333604757799,-3.5120932201905815,-2.307588400922607,-2.104379896092626,-0.7986999340734391,-1.7107256400168627,1.2686237561189717,-1.7866491905489772,-2.047118795735792
2021-02-04,-1.053608833502405,-3.5081588187480874,-2.2954332907524715,-2.068345993762273,-0.7249737863128138,-1.7107256400168627,1.2686237561189717,-1.7478089907544343,-2.021621140753453
2021-02-05,-1.045735918315477,-3.5203886449187314,-2.2971298931280355,-2.0611392132962023,-0.7126860950193763,-1.7222070201512039,1.2686237561189717,-1.7442780635003852,-2.0207039783142102
2021-02-06,-1.0441187789797843,-3.5383541647585535,-2.305055117923478,-2.068345993762273,-0.7372614776062514,-1.7222070201512039,1.2945140368560935,-1.754870845262533,-2.0299629815930054
2021-02-07,-1.0388417979896278,-3.554423587517655,-2.31005196053644,-2.0611392132962023,-0.7003984037259388,-1.7222070201512039,1.2945140368560935,-1.7407471362463354,-2.0253995483913876
2021-02-08,-1.0768020160801093,-3.610548061106966,-2.3583005431620605,-2.104379896092626,-0.7495491688996888,-1.7451697804198865,1.3462945983303372,-1.7831182632949278,-2.070709403228494
2021-02-09,-1.102335795064738,-3.646384295932573,-2.3898155133163677,-2.1187934570247675,-0.7003984037259388,-1.7566511605542279,1.398075159804581,-1.7795873360408787,-2.0847014246786233
2021-02-10,-1.1182092943335153,-3.673688093894941,-2.4118713441986968,-2.111586676558697,-0.6512476385521887,-1.7566511605542279,1.4239654405417028,-1.7619326997706317,-2.086902021984664
2021-02-11,-1.104931729261509,-3.653210245423165,-2.394579944645007,-2.0467256523640605,-0.540658416911251,-1.7222070201512039,1.4239654405417028,-1.6877832274355953,-2.041181586040301
2021-02-12,-1.1102087102516651,-3.657429061427767,-2.399530305001104,-2.025105310965849,-0.46693226915062586,-1.7107256400168627,1.4239654405417028,-1.6524739548951013,-2.0260021299481026
2021-02-13,-1.1227628182524412,-3.6476167590350412,-2.4015755243031527,-2.003484969567637,-0.43006919527031334,-1.7107256400168627,1.398075159804581,-1.6312883913708054,-2.016431957836979
2021-02-14,-1.1318698660902926,-3.640032370712161,-2.4028305452385017,-2.003484969567637,-0.43006919527031334,-1.6992442598825213,1.398075159804581,-1.6277574641167558,-2.015294004677629
2021-02-15,-1.07995118215488,-3.5860884087656784,-2.348027964394949,-1.9530375063051424,-0.34405535621625066,-1.6762814996138382,1.3462945983303372,-1.571262628051966,-1.9596452962234574
2021-02-16,-1.0539067275905583,-3.5585001962412024,-2.320278057046687,-1.945830725839072,-0.3686307388031257,-1.664800119479497,1.3204043175932154,-1.571262628051966,-1.9457703425493265
2021-02-17,-1.034075492579163,-3.538638579320661,-2.29970965838403,-1.9602442867712133,-0.41778150397687575,-1.630355979076473,1.2945140368560935,-1.5818554098141144,-1.940782534099072
2021-02-18,-1.0352245126334718,-3.531860032257087,-2.2970136874858738,-1.9818646281694252,-0.4792199604440634,-1.6188745989421316,1.2686237561189717,-1.60657190059246,-1.9517927940391668
2021-02-19,-1.033607373297779,-3.5123776347526894,-2.2865784208197346,-1.9674510672372838,-0.49150765173750094,-1.6073932188077904,1.2686237561189717,-1.5995100460843612,-1.943044233452048
2021-02-20,-1.010712084808228,-3.4792907406941254,-2.2578523860773125,-1.945830725839072,-0.4792199604440634,-1.6073932188077904,1.2686237561189717,-1.5853863370681638,-1.9216193615727382
2021-02-21,-1.002498719234839,-3.44269606703623,-2.235424697140066,-1.9170036039747893,-0.46693226915062586,-1.6073932188077904,1.2427334753818498,-1.5677317007979168,-1.9015781989689915
2021-02-22,-1.0172231984493083,-3.436154532107747,-2.240258851854001,-1.8953832625765774,-0.4792199604440634,-1.6188745989421316,1.2427334753818498,-1.5642007735438672,-1.902229812698934
2021-02-23,-1.005903223099456,-3.404916332702885,-2.218760808054049,-1.8665561407122948,-0.46693226915062586,-1.6188745989421316,1.216843194644728,-1.5465461372736207,-1.8826534726638349
2021-02-24,-0.985433643613446,-3.369838536709566,-2.190383390238113,-1.830522238381942,-0.43006919527031334,-1.6073932188077904,1.190952913907606,-1.5147677919871765,-1.852575591112645
2021-02-25,-0.9656024086020504,-3.3406386416664775,-2.1652364892742773,-1.787281555585518,-0.3932061213900007,-1.5844304585391074,1.165062633170484,-1.4759275921926334,-1.8205820407334552
2021-02-26,-0.9640278255646646,-3.338078910607506,-2.163121546586931,-1.7800747751194474,-0.3686307388031257,-1.5959118386734488,1.165062633170484,-1.4688657376845347,-1.8159936421357328
2021-02-27,-0.9690494687649748,-3.3442412261198466,-2.1688853464381617,-1.7584544337212356,-0.30719228233593804,-1.6073932188077904,1.165062633170484,-1.4441492469061892,-1.8065172966721754
2021-02-28,-0.9614318913678942,-3.3410652635096403,-2.1631680288437956,-1.7368340923230239,-0.24575382586875044,-1.630355979076473,1.190952913907606,-1.4229636833818928,-1.793065856112844
2021-03-01,-0.9725816415245154,-3.3580353323820837,-2.177577528471872,-1.708006970458741,-0.11058922164093768,-1.6418373592108144,1.190952913907606,-1.3735307018252016,-1.7755541151485368
2021-03-02,-0.9759861453891332,-3.3899371657651978,-2.1950780981814537,-1.6431459462641054,0.036863073880312604,-1.664800119479497,1.216843194644728,-1.306443083998264,-1.750760591089859
2021-03-03,-0.992497989132526,-3.40529555211903,-2.211625781625308,-1.5710781416033985,0.14745229552125033,-1.630355979076473,1.216843194644728,-1.228762684409178,-1.720194233017243
2021-03-04,-1.0165848539746922,-3.428949363201011,-2.2363775834057935,-1.506217117408763,0.282616899749063,-1.5844304585391074,1.216843194644728,-1.1440204303119934,-1.6901990068588935
2021-03-05,-1.0477786206342476,-3.4761147780839203,-2.2765382533369465,-1.5782849220694695,0.33176766492281307,-1.7107256400168627,1.3204043175932154,-1.2040461936308327,-1.7402922234838896
2021-03-06,-1.0902498063453467,-3.5206730594808393,-2.3215795602389,-1.7008001899926704,0.23346613457531293,-1.8485022016289592,1.4498557212788248,-1.3346905020306588,-1.8281350311347793
2021-03-07,-1.1384235360296797,-3.591918907288892,-2.382819933658222,-1.8089018969837298,0.15973998681468787,-1.9862787632410552,1.579307124964434,-1.4512111014142879,-1.9170155175362549
2021-03-08,-1.1620848378887694,-3.645199235257123,-2.421865029424621,-1.945830725839072,0.01228769129343756,-2.1240553248531513,1.7346488093871655,-1.6030409733384106,-2.0124530013815156
2021-03-09,-1.227032841822727,-3.698716575360444,-2.483574098933996,-2.104379896092626,-0.09830153034750015,-2.2733132665995894,1.8641002130727748,-1.7584017725165826,-2.120987935725289
2021-03-10,-1.2301607297483441,-3.721833158936222,-2.4966162455059666,-2.248515505414039,-0.18431536940156285,-2.3766456878086615,1.8899904938098966,-1.8855151536623596,-2.191065699584163
2021-03-11,-1.2970876015536106,-3.794279868228731,-2.568686984774778,-2.443098577997946,-0.14745229552125025,-2.5259036295550987,1.967661336021262,-2.016159462062186,-2.2924232234184823
2021-03-12,-1.2715680080017506,-3.799146517402579,-2.557136143943885,-2.695335894310418,-1.1796183641700022,-3.0884912561378255,2.330125266340968,-2.609355240742479,-2.583245692343182
2021-03-13,-1.2617375030926687,-3.8061699770057453,-2.555211003805403,-2.666508772446136,-1.0198783773553144,-3.099972636272167,2.330125266340968,-2.552860404677689,-2.554035704241546
2021-03-14,-1.2436156127299667,-3.7886942822451104,-2.5367459272658768,-2.666508772446136,-1.0075906860618769,-3.099972636272167,2.35601554707809,-2.54932947742364,-2.5430377023447583
2021-03-15,-1.25091401788974,-3.7844359642179923,-2.5386439527545215,-2.659301991980065,-0.9953029947684394,-3.099972636272167,2.35601554707809,-2.542267622915541,-2.5404557878350316
2021-03-16,-1.2326431804829612,-3.7712422886979833,-2.5221969808672067,-2.6737155529122063,-1.0690291425290643,-3.077009876003484,2.35601554707809,-2.563453186439837,-2.542825083653522
2021-03-17,-1.2678797954817487,-3.8072207308046444,-2.559080651689394,-2.7097494552425596,-1.130467598996252,-3.0310843554661187,2.4077961085523336,-2.584638749964133,-2.5718597008267636
2021-03-18,-1.226940636509727,-3.7667390581312734,-2.516874762456191,-2.7097494552425596,-1.363933733571565,-2.9621960746600706,2.4077961085523336,-2.6305408042667744,-2.573707783361483
2021-03-19,-1.24179278461912,-3.7688721673470833,-2.5260317670585493,-2.4863392607943697,-0.43006919527031334,-2.411089828211686,2.0971127397068714,-2.0832470798891234,-2.3046394234738363
2021-03-20,-1.2407288771614267,-3.773375397913793,-2.5276586460488164,-2.5079596021925816,-0.5775214907915636,-2.399608448077344,2.0971127397068714,-2.1326800614458152,-2.3301693537473156
2021-03-21,-1.2446015003074284,-3.7882123575704267,-2.5370480619354976,-2.5151663826586526,-0.6143845646718762,-2.3881270679430027,2.07122245896975,-2.143272843207963,-2.3401604525717303
2021-03-22,-1.2374945984900398,-3.777973433334539,-2.5281467097458963,-2.5007528217265107,-0.6143845646718762,-2.3766456878086615,2.045332178232628,-2.1326800614458152,-2.3304133855958558
2021-03-23,-1.2080881963594094,-3.7411891499685717,-2.4940519743355942,-2.4719256998622283,-0.6143845646718762,-2.3766456878086615,2.019441897495506,-2.1185563524296174,-2.306304163382606
2021-03-24,-1.148466822430301,-3.6819835186230905,-2.432462983989787,-2.4286850170658045,-0.6143845646718762,-2.3651643076743203,1.967661336021262,-2.0938398616512717,-2.2631514228205294
2021-03-25,-1.136848952992295,-3.657429061427767,-2.414079251399774,-2.4142714561336636,-0.6143845646718762,-2.3651643076743203,1.9417710552841403,-2.0867780071431734,-2.2504286292714735
2021-03-26,-1.1115705117975119,-3.620075948937584,-2.3819600119062234,-2.3710307733372398,-0.5775214907915636,-2.3651643076743203,1.8899904938098966,-2.054999661856729,-2.2184798368814764
2021-03-27,-1.0792702813819566,-3.581158556355806,-2.3452390289830634,-2.3133765296086746,-0.45464457785718837,-2.3536829275399787,1.8641002130727748,-1.987912044029791,-2.166575536506427
2021-03-28,-1.0187977814866935,-3.5162646337681656,-2.2803962806567224,-2.2124816030836856,-0.19660306069500036,-2.3536829275399787,1.786429370861409,-1.8643295901380637,-2.072362935397393
2021-03-29,-0.9373875828240349,-3.4608511965841244,-2.208767122828126,-2.0611392132962023,0.29490459104250055,-2.399608448077344,1.6828682479129216,-1.6630667366572494,-1.9359169297426875
2021-03-30,-0.9461116239771168,-3.4890082382328163,-2.227336784445597,-2.2773426272783213,-0.6389599472587512,-2.916270554122705,1.9935516167583838,-2.196236752018703,-2.21178676823215
2021-03-31,-1.020585146015618,-3.5733845583248542,-2.3093779678119,-2.26292906634618,-0.3317676649228131,-3.1114540164065083,2.019441897495506,-2.1609274794782096,-2.235152723645055
2021-04-01,-1.0413526195897829,-3.63154733627594,-2.349236503073432,-2.4503053584640164,-1.2410568206371897,-3.272193338287287,2.019441897495506,-2.563453186439837,-2.4563448447566345
2021-04-02,-0.9864549947728307,-3.643682357592547,-2.325205176274351,-2.695335894310418,-2.1872090502318793,-3.834780964870014,2.3042349856038467,-3.1284015470877358,-2.7268033616810436
2021-04-03,-0.9827525968200594,-3.6639231939292327,-2.33310715994136,-2.7313697966407715,-2.211784432818754,-3.869225105273038,2.330125266340968,-3.163710819628229,-2.7484089897847945
2021-04-04,-1.0120313300557673,-3.7051159030078744,-2.369293596910577,-2.752990138038983,-2.3838121109268795,-3.857743725138697,2.381905827815212,-3.220205655693019,-2.794749626301798
2021-04-05,-1.0650990340454871,-3.7505274280911176,-2.420540285103975,-2.839471503631831,-2.850744380077505,-3.7888554443326488,2.4854669507636995,-3.3755664548711906,-2.898053369987583
2021-04-06,-1.0084991572962272,-3.689236089956845,-2.359578805225842,-2.5079596021925816,-1.7817152375484406,-3.226267817749922,2.0971127397068714,-2.7329376946342063,-2.546258249930024
2021-04-07,-0.8956398541841671,-3.565800170001974,-2.237423434185251,-2.3782375538033103,-1.953742915656566,-2.9507146945257294,1.9935516167583838,-2.6340717315208244,-2.435747582853038
2021-04-08,-0.8318479630209025,-3.4961660047125336,-2.1684437649979458,-2.025105310965849,-0.8970014644209392,-2.721087091838902,1.967661336021262,-2.0867780071431734,-2.12761088607056
2021-04-09,-0.8738084731523096,-3.473697254306002,-2.180343222755324,-1.6719730681283875,0.15973998681468787,-2.11257394471881,1.6310876864386776,-1.422963683381893,-1.8016534530686086
2021-04-10,-0.8811281564612363,-3.484979031936286,-2.189872085412601,-1.621525604865893,0.09830153034750023,-2.0551670440471033,1.6310876864386776,-1.3982471926035476,-1.7940596390080743
2021-04-11,-0.8794259045289279,-3.48464721494716,-2.188779752376279,-1.607112043933752,0.11058922164093772,-2.0322042837784204,1.6310876864386776,-1.3805925563333008,-1.7846861543547898
2021-04-12,-0.8737659168540021,-3.4756407538137397,-2.18127286789262,-1.5926984830016107,0.12287691293437528,-2.009241523509738,1.605197405701556,-1.3629379200630538,-1.7721053939778368
2021-04-13,-0.898278344679245,-3.5020913080897835,-2.207628307534939,-1.628732385331964,0.049150765173750076,-1.9862787632410552,1.6310876864386776,-1.394716265349498,-1.8011722864422186
2021-04-14,-0.9517716116520425,-3.5494463326807644,-2.2600602932783893,-1.6719730681283875,-0.012287691293437479,-1.9747973831067138,1.6828682479129216,-1.4300255378899918,-1.8450429155841905
2021-04-15,-0.9880721341085239,-3.5906390417594065,-2.3000815164389476,-1.7584544337212356,-0.09830153034750015,-1.9977601433753966,1.7346488093871655,-1.5041750102250284,-1.902128263331988
2021-04-16,-0.9855187562100605,-3.6065188548104357,-2.3064728267578527,-1.7944883360515884,-0.1597399868146878,-1.9518346228380312,1.7605390901242872,-1.5253605737493245,-1.9159167002535886
2021-04-17,-0.9659003026902041,-3.5649469263156504,-2.2753761969153286,-1.7368340923230239,-0.09830153034750015,-1.882946342031983,1.6828682479129216,-1.4582729559223866,-1.8668245764188576
2021-04-18,-0.9308339128846468,-3.5243704487882432,-2.2363311011489286,-1.6719730681283875,-0.07372614776062517,-1.8140580612259347,1.579307124964434,-1.3982471926035474,-1.817289146876238
2021-04-19,-0.9020232989303237,-3.5046510391487553,-2.2109285477723377,-1.6431459462641054,-0.0614384564671876,-1.7566511605542279,1.5275265634901902,-1.3629379200630538,-1.7869332339176958
2021-04-20,-0.856871066425839,-3.4719433645063362,-2.17023333188724,-1.5854917025355402,-0.012287691293437479,-1.7107256400168627,1.4498557212788248,-1.306443083998264,-1.738338207942752
2021-04-21,-0.7941856390185752,-3.387519641987279,-2.0946066999682738,-1.4773899955444805,0.0,-1.664800119479497,1.3721848790674593,-1.2358245389172768,-1.6652156194427752
2021-04-22,-0.7386071134286992,-3.301105017533467,-2.021885209103356,-1.2900137034266441,0.036863073880312604,-1.5729490784047662,1.2427334753818498,-1.1051802305174505,-1.5635327198104032
2021-04-23,-0.7159671627289946,-3.260196723016934,-1.989463834940186,-1.2251526792320084,0.06143845646718764,-1.5614676982704248,1.165062633170484,-1.062809103468858,-1.526136469204522
2021-04-24,-0.6956252521379074,-3.219809855197598,-1.9585531341251197,-1.1602916550373727,0.08601383905406268,-1.5499863181360836,1.1132820716962404,-1.0204379764202656,-1.4894955552726925
2021-04-25,-0.6914972912020592,-3.1987157751745885,-1.9459564425147693,-1.1242577527070194,0.09830153034750023,-1.5385049380017424,1.1132820716962404,-0.9957214856419201,-1.4708389640783448
2021-04-26,-0.6863905354051332,-3.1843054373611173,-1.9361022040594402,-1.052189948046313,0.15973998681468787,-1.527023557867401,1.0615015102219967,-0.9392266495771305,-1.4376644268182854
2021-04-27,-0.6545158679726548,-3.1334426331708034,-1.8937568680556434,-0.9368814605891829,0.41778150397687575,-1.5155421777330593,0.983830668010631,-0.8050514139232546,-1.349404140989449
2021-04-28,-0.6655379492343533,-3.1342010720030915,-1.9001481783745477,-1.13146453317309,-0.4423568865637508,-1.882946342031983,1.035611229484875,-1.2605410296956225,-1.5803446040350853
2021-04-29,-0.6788580706046679,-3.178143121848777,-1.9289671776306996,-1.0449831675802423,0.0,-1.8140580612259347,1.0097209487477528,-1.069870957976957,-1.4994190678038284
2021-04-30,-0.6605163060340427,-3.1516451651457156,-1.9059584604826434,-0.9873289238516774,0.08601383905406268,-1.7910953009572521,0.983830668010631,-1.0098451946581177,-1.4579018275703806
2021-05-01,-0.6386423687038768,-3.124625781745456,-1.880765077261943,-0.9080543387249003,0.1966030606950003,-1.7681325406885695,0.9320501065363873,-0.9321647950690316,-1.4064649361654873
2021-05-02,-0.6132362586141711,-3.1184634662331163,-1.8638687768916025,-0.8648136559284765,0.24575382586875047,-1.7566511605542279,0.8802695450621436,-0.8933245952744888,-1.3785966860830456
2021-05-03,-0.567190343845224,-3.0708714295070445,-1.8153877829816574,-0.8215729731320527,0.30719228233593804,-1.7451697804198865,0.8284889835878998,-0.8509534682258963,-1.3331706256037767
2021-05-04,-0.5569768322513722,-3.089784997887226,-1.8190831224024058,-0.893640777792759,0.11058922164093772,-1.7451697804198865,0.9061598257992655,-0.9427575768311799,-1.3809203496167928
2021-05-05,-0.5023345452242659,-3.061580553811517,-1.7754130420779628,-0.6269899005481454,1.105892216409377,-1.3662842359866216,0.8025987028507781,-0.40958756146972597,-1.0925003017738444
2021-05-06,-0.408497907455755,-2.9704730890829225,-1.6794969050375292,-0.5837492177517216,0.8109876253668764,-1.3892469962553045,0.7767084221136561,-0.4802061065507132,-1.0798515057941211
2021-05-07,-0.3733038487552753,-2.923165466918959,-1.6370818456484357,-0.5116814130910152,0.8724260818340641,-1.3318400955835976,0.6731472991651687,-0.40958756146972597,-1.023334703559081
2021-05-08,-0.3403652738651039,-2.886144171417902,-1.6009418909360842,-0.4756475107606621,0.8847137731275015,-1.274433194911891,0.5695861762166812,-0.37074736167518296,-0.9858446263056335
2021-05-09,-0.30308595654754533,-2.862300750627848,-1.5688923748278318,-0.43961360843030883,1.0075906860618769,-1.2055449141058427,0.4919153340053155,-0.2965978893401464,-0.9327451320839891
2021-05-10,-0.28104179402414925,-2.8536735089105725,-1.5526235849251648,-0.4252000474981676,1.0444537599421893,-1.1596193935684773,0.46602505326819366,-0.26481954405370217,-0.9087215644894335
2021-05-11,-0.2552526772496736,-2.803711350833601,-1.514043311727414,-0.35313224283746125,1.105892216409377,-1.090731112762429,0.33657364958258434,-0.19067007171866548,-0.8523566917230397
2021-05-12,-0.2537632068089044,-2.8140924823505435,-1.5183196793589717,-0.3675458037696025,1.081316833822502,-1.113693873031112,0.36246393031970625,-0.21185563524296172,-0.8650876573009667
2021-05-13,-0.24325180112689873,-2.8584137516123724,-1.53430957572045,-0.4468203888963795,1.056741451235627,-1.1366566332997945,0.41424449179394995,-0.26481954405370217,-0.8995645598870761
2021-05-14,-0.22444191727488816,-2.912642128120964,-1.550624847879981,-0.5405085349552977,0.9830153034750018,-1.125175253165453,0.46602505326819366,-0.32837623462659066,-0.9395005412532857
2021-05-15,-0.21686689617611582,-2.9346842566843327,-1.5572950517400737,-0.5765424372856509,0.9707276121815642,-1.1022124928967705,0.4919153340053155,-0.34249994364278813,-0.949897497691431
2021-05-16,-0.21954794296950117,-2.9555413245722533,-1.5689853393415616,-0.6125763396160041,0.8847137731275015,-1.0792497326280879,0.5178056147424375,-0.3778092161832818,-0.9733972777624217
2021-05-17,-0.21337727971488227,-2.9507062770164163,-1.563244780618763,-0.6197831200820748,0.8970014644209391,-1.0448055922250636,0.4919153340053155,-0.36721643442113366,-0.9652306075199484
2021-05-18,-0.17945990996363365,-2.9267206489453086,-1.5329615902713711,-0.5765424372856509,0.9707276121815642,-1.021842831956381,0.44013477253107175,-0.3177834528644426,-0.9253725215679068
2021-05-19,-0.18763071923871488,-2.9465822658658505,-1.5471619197435555,-0.5693356568195803,1.1919060554634398,-1.021842831956381,0.41424449179394995,-0.2506958350375047,-0.8989288773905302
2021-05-20,-0.2559335780225978,-2.981565257005134,-1.6016158836606227,-0.8576068754624058,0.15973998681468787,-1.217026294240184,0.46602505326819366,-0.7485565778584647,-1.1750862307595438
2021-05-21,-0.1835027583028662,-2.9692406259804547,-1.556016789676292,-1.0954306308427368,-0.8601383905406267,-1.94035324270369,0.8284889835878998,-1.3805925563333006,-1.4683046730047962
2021-05-22,-0.1656716693119337,-2.9623198716358266,-1.542885552111998,-1.052189948046313,-0.6266722559653137,-1.94035324270369,0.8025987028507781,-1.2923193749820665,-1.4176024635470323
2021-05-23,-0.12890302757406868,-2.87197084573952,-1.478507626354305,-0.9512950215213242,-0.516083034324376,-1.9288718625693486,0.7249278606394124,-1.207577120884882,-1.3430423736195936
2021-05-24,-0.1103910378102124,-2.8188327250523426,-1.4423444305135207,-0.872020436394547,-0.49150765173750094,-1.8944277221663244,0.6731472991651687,-1.151082284820092,-1.2967133576668064
2021-05-25,-0.11230607123405982,-2.784276355756221,-1.4264474986657727,-0.8504000949963352,-0.5283707256178135,-1.8485022016289592,0.6731472991651687,-1.1369585758038945,-1.2817030372348337
2021-05-26,-0.0739202901605008,-2.7022701570150827,-1.3652768486317477,-0.814366192665982,-0.7372614776062514,-1.779613920822911,0.6472570184280467,-1.1581441393281908,-1.2617104939799693
2021-05-27,-0.008255921871696981,-2.6517865722409133,-1.3046639856801006,-0.39637292563388504,0.33176766492281307,-1.504060797598718,0.5436958954795593,-0.5614174333938484,-0.9330407095369745
2021-05-28,-0.06826030248557508,-2.6087451685085705,-1.3163310321531543,-0.08648136559284764,1.4376598813321904,-0.7003641881948229,0.12945140368560937,0.155360799178172,-0.5804851164874911
2021-05-29,-0.06123851326480211,-2.570349202623991,-1.293670931931584,-0.06486102419463571,1.265632203224065,-0.6314759073887748,0.12945140368560937,0.1377061629079251,-0.5779823845118295
2021-05-30,-0.04830139857925704,-2.577364761822654,-1.2900453158961334,-0.05765424372856509,1.2779198945175023,-0.574069006717068,0.12945140368560937,0.16242265368627065,-0.5638113311049313
2021-05-31,-0.015192598495854203,-2.5427135876724978,-1.2549744530916713,-0.007206780466070669,1.33935835098469,-0.5396248663140438,0.10356112294848749,0.21538656249701113,-0.5197939452973301
2021-06-01,0.03455571422586456,-2.489196247569176,-1.2015663399540608,0.036033902330353175,1.38850911615844,-0.5166621060453612,0.0776708422113656,0.25775768954560335,-0.47190432520422876
2021-06-02,0.09549633340251203,-2.4238283007113552,-1.1362355279306402,0.08648136559284768,1.4376598813321904,-0.5625876265827265,0.025890280737121865,0.282474180323949,-0.4268806738033456
2021-06-03,0.14741501733792378,-2.3709271921592685,-1.0819442519126,0.09368814605891826,1.4868106465059405,-0.574069006717068,0.0,0.29659788934014636,-0.39267318128622675
2021-06-04,0.19252469354410232,-2.323098143298107,-1.0338583571860052,0.1657559507196246,1.5605367942665653,-0.5511062464483852,-0.051780561474243744,0.3601545799130351,-0.336851888636485
2021-06-05,0.24989058366290212,-2.2790138861713682,-0.9809150666170424,0.21620341398211912,1.621975250733753,-0.5396248663140438,-0.07767084221136562,0.40605663421567667,-0.28742921620068285
2021-06-06,0.2841909600989203,-2.229762764499666,-0.9380351846593012,0.25944409677854297,1.6588383246140659,-0.5396248663140438,-0.10356112294848749,0.4378349795021208,-0.2501001025785902
2021-06-07,0.3320667956950995,-2.178094119050048,-0.8865560851815785,0.28106443817675486,1.6834137072009407,-0.5281434861797025,-0.12945140368560937,0.45902054302641715,-0.21376777107758066
2021-06-08,0.3843259300169725,-2.1548669298112277,-0.8466278265347493,0.2954779991088961,1.7079890897878158,-0.5396248663140438,-0.15534168442273122,0.4696133247885651,-0.1885072508730921
2021-06-09,0.39768860768559505,-2.169703889467862,-0.8466045854063166,0.28106443817675486,1.7079890897878158,-0.5396248663140438,-0.15534168442273122,0.4625514702804665,-0.19202655756292503
2021-06-10,0.4362446139523843,-2.13704361725246,-0.8095349855566706,0.2954779991088961,1.757139854961566,-0.574069006717068,-0.1812319651598531,0.4731442520426146,-0.16819536675702798
2021-06-11,0.4886314171691809,-2.0445614821403435,-0.735581714884836,0.32430512097317865,1.7694275462550035,-0.6314759073887748,-0.1812319651598531,0.47314425204261445,-0.1312187314211108
2021-06-12,0.5667647808621458,-1.8738179400215098,-0.6091964584695516,0.35313224283746114,1.7325644723746907,-0.6774014279261402,-0.20712224589697498,0.4625514702804665,-0.07332249409454256
2021-06-13,0.636684778981721,-1.8075967494773653,-0.5385434280351161,0.34592546237139055,1.6834137072009407,-0.7807338491352124,-0.1812319651598531,0.41311848872377543,-0.06271246965567034
2021-06-14,0.6830711441371307,-1.7809565854932503,-0.5001490838648227,0.3098915600410374,1.5973998681468782,-0.895547650478626,-0.15534168442273122,0.3354380891346895,-0.08235549736506662
2021-06-15,0.7380538815506982,-1.705681531388667,-0.433214633979568,0.25944409677854297,1.4868106465059405,-0.9988800716876983,-0.12945140368560937,0.24716490778345532,-0.09302486309805634
2021-06-16,0.7897172276962635,-1.5951390715826934,-0.35080159255834703,0.20899663351604844,1.3762214248650027,-1.0333242120907224,-0.15534168442273122,0.1800772899565174,-0.08536215130091482
2021-06-17,0.8447850777064475,-1.5428541945818401,-0.2950926077059318,0.1297220483892715,1.2902075858109399,-1.0792497326280879,-0.20712224589697498,0.1023968903674315,-0.09634785866925016
2021-06-18,0.8842773225360065,-1.5085348374208074,-0.2566982635356394,0.08648136559284768,1.2287691293437524,-1.1596193935684773,-0.1812319651598531,0.03884019979454302,-0.1089290318705482
2021-06-19,0.8974272187130914,-1.5316672218055918,-0.2608584255250367,0.02162034139821192,1.1796183641700022,-1.2514704346432082,-0.15534168442273122,-0.03530927254049361,-0.14808384903276514
2021-06-20,0.961431891367893,-1.323333555061486,-0.12375900890242444,0.007206780466070583,1.130467598996252,-1.274433194911891,-0.15534168442273122,-0.06355669057288857,-0.0936578497376565
2021-06-21,0.9832632723997513,-1.2859330401442846,-0.09349905968346532,-0.036033902330353175,1.0690291425290646,-1.308877335314915,-0.12945140368560937,-0.11298967212957961,-0.10324436590652247
2021-06-22,1.0004134606177608,-1.3033771332869075,-0.09268562018833168,-0.06486102419463571,1.0444537599421893,-1.343321475717939,-0.10356112294848749,-0.14476801741602385,-0.11872681880217777
2021-06-23,1.0561622114008666,-1.2646967528402204,-0.04327498114109166,-0.028827121864282546,1.081316833822502,-1.3548028558522804,-0.10356112294848749,-0.12005152663767833,-0.081663253889385
2021-06-24,1.1442537488978362,-1.1536328663370479,0.05928811863100294,0.02162034139821192,1.081316833822502,-1.3318400955835976,-0.10356112294848749,-0.088273181351234,-0.014492531360115534
2021-06-25,1.1574887576715358,-1.204590475381397,0.04153189650866467,0.02882712186428259,1.0936045251159396,-1.343321475717939,-0.12945140368560937,-0.08474225409718465,-0.02160517879425999
2021-06-26,1.1390618805042954,-1.3093024366641581,-0.019871164809685534,0.0,1.0444537599421893,-1.3548028558522804,-0.12945140368560937,-0.11652059938362894,-0.06819588209665724
2021-06-27,1.0882071040265753,-1.5474048275755683,-0.1643845014022259,-0.028827121864282546,1.0198783773553144,-1.3662842359866216,-0.15534168442273122,-0.14123709016197444,-0.15281079578210016
